ISO-10303-21;
HEADER;
/* Generated by software containing ST-Developer
 * from STEP Tools, Inc. (www.steptools.com) 
 */

FILE_DESCRIPTION(
/* description */ (''),
/* implementation_level */ '2;1');

FILE_NAME(
/* name */ 'body.step',
/* time_stamp */ '2026-06-12T18:20:41+01:00',
/* author */ (''),
/* organization */ (''),
/* preprocessor_version */ 'ST-DEVELOPER v20.1',
/* originating_system */ 'Autodesk Translation Framework v15.8.0.0',
/* authorisation */ '');

FILE_SCHEMA (('AUTOMOTIVE_DESIGN { 1 0 10303 214 3 1 1 }'));
ENDSEC;

DATA;
#10=MECHANICAL_DESIGN_GEOMETRIC_PRESENTATION_REPRESENTATION('',(#13),#1680);
#11=SHAPE_REPRESENTATION_RELATIONSHIP('SRR','None',#1687,#12);
#12=ADVANCED_BREP_SHAPE_REPRESENTATION('',(#14),#1679);
#13=STYLED_ITEM('',(#1697),#14);
#14=MANIFOLD_SOLID_BREP('Body1',#618);
#15=FACE_BOUND('',#121,.T.);
#16=FACE_BOUND('',#122,.T.);
#17=FACE_BOUND('',#125,.T.);
#18=FACE_BOUND('',#128,.T.);
#19=FACE_BOUND('',#134,.T.);
#20=FACE_BOUND('',#136,.T.);
#21=FACE_BOUND('',#137,.T.);
#22=FACE_BOUND('',#138,.T.);
#23=FACE_BOUND('',#139,.T.);
#24=FACE_BOUND('',#140,.T.);
#25=B_SPLINE_CURVE_WITH_KNOTS('',3,(#972,#973,#974,#975,#976,#977,#978,
#979,#980,#981,#982,#983,#984,#985,#986,#987,#988,#989,#990,#991,#992,#993,
#994,#995,#996,#997,#998,#999,#1000,#1001,#1002,#1003,#1004,#1005,#1006,
#1007,#1008,#1009,#1010,#1011,#1012,#1013,#1014,#1015,#1016,#1017,#1018,
#1019,#1020,#1021,#1022,#1023,#1024,#1025,#1026,#1027,#1028,#1029,#1030,
#1031,#1032,#1033,#1034,#1035,#1036,#1037,#1038),.UNSPECIFIED.,.F.,.F.,
(4,3,3,3,3,3,3,3,3,3,3,3,3,3,3,3,3,3,3,3,3,3,4),(0.,0.0645219473404731,
0.126076831891175,0.177074077681749,0.212181239077426,0.276373593038831,
0.343458594777903,0.405266724113682,0.410543596516974,0.474041038075438,
0.535663650179068,0.597040556639847,0.634038124914184,0.694841813134577,
0.757815205542167,0.780707116800933,0.842111326856381,0.906596230436255,
0.97108113401613,1.0364067269552,1.09533605416149,1.15866470745365,1.16516772434568),
 .UNSPECIFIED.);
#26=B_SPLINE_CURVE_WITH_KNOTS('',3,(#1042,#1043,#1044,#1045,#1046,#1047,
#1048,#1049,#1050,#1051),.UNSPECIFIED.,.F.,.F.,(4,1,1,1,1,1,1,4),(0.,0.142857142857143,
0.285714285714286,0.428571428571429,0.571428571428571,0.714285714285714,
0.857142857142857,1.),.UNSPECIFIED.);
#27=B_SPLINE_CURVE_WITH_KNOTS('',3,(#1157,#1158,#1159,#1160,#1161,#1162,
#1163,#1164,#1165,#1166,#1167,#1168,#1169,#1170,#1171,#1172,#1173,#1174,
#1175,#1176,#1177,#1178,#1179,#1180,#1181,#1182,#1183,#1184,#1185,#1186,
#1187,#1188,#1189,#1190,#1191,#1192,#1193,#1194,#1195,#1196,#1197,#1198,
#1199,#1200,#1201,#1202,#1203,#1204,#1205,#1206,#1207,#1208,#1209,#1210,
#1211,#1212,#1213,#1214,#1215,#1216,#1217,#1218,#1219,#1220,#1221,#1222,
#1223,#1224,#1225,#1226,#1227,#1228,#1229,#1230,#1231,#1232,#1233,#1234,
#1235,#1236,#1237,#1238,#1239,#1240,#1241,#1242,#1243,#1244,#1245,#1246,
#1247,#1248,#1249,#1250,#1251,#1252,#1253,#1254,#1255,#1256,#1257,#1258,
#1259,#1260,#1261,#1262,#1263,#1264,#1265,#1266,#1267,#1268,#1269,#1270,
#1271,#1272,#1273,#1274,#1275,#1276,#1277,#1278,#1279,#1280,#1281,#1282,
#1283,#1284,#1285,#1286,#1287,#1288,#1289,#1290,#1291,#1292,#1293,#1294,
#1295,#1296,#1297,#1298,#1299,#1300,#1301,#1302,#1303,#1304,#1305,#1306,
#1307,#1308,#1309,#1310,#1311,#1312,#1313,#1314,#1315,#1316,#1317,#1318,
#1319,#1320,#1321,#1322,#1323,#1324,#1325,#1326,#1327,#1328,#1329,#1330,
#1331,#1332,#1333,#1334,#1335,#1336,#1337,#1338,#1339,#1340,#1341,#1342,
#1343,#1344,#1345,#1346),.UNSPECIFIED.,.T.,.F.,(4,3,3,3,3,3,3,3,3,3,3,3,
3,3,3,3,3,3,3,3,3,3,3,3,3,3,3,3,3,3,3,3,3,3,3,3,3,3,3,3,3,3,3,3,3,3,3,3,
3,3,3,3,3,3,3,3,3,3,3,3,3,3,3,4),(0.878937522007659,0.941921703529643,0.987931518703139,
1.0511549218469,1.10551093499202,1.16810575758951,1.18440291987863,1.24736093711421,
1.30943209355231,1.33110060599367,1.37853453142964,1.44057029928844,1.50610156900629,
1.57163283872415,1.63506007193619,1.7003559380666,1.76209682444272,1.76565180419702,
1.78202068002187,1.843647276373,1.90724744131203,1.96203936941975,2.02580345201423,
2.08979510104877,2.15241238900279,2.16083482771017,2.22440639717058,2.23635109063693,
2.29999205547896,2.36059387684626,2.42400339084878,2.48782353259016,2.55047283050919,
2.55930855153028,2.62470202661165,2.68673531686274,2.69009550169303,2.75568767238511,
2.81820459385087,2.88403464153749,2.94986468922411,3.01287070638392,3.05926126696242,
3.12179349069044,3.14031264974021,3.16873469413543,3.23022576748168,3.29314207165728,
3.35664632360274,3.36311274967794,3.42669157287694,3.49317419745953,3.5552777347502,
3.55965682204212,3.5927841286477,3.65501386675677,3.71888844078009,3.75833674541294,
3.82216420700159,3.88619855407271,3.94886824845399,3.95794051051159,4.02135753949993,
4.04767221614309),.UNSPECIFIED.);
#28=B_SPLINE_CURVE_WITH_KNOTS('',3,(#1348,#1349,#1350,#1351,#1352,#1353,
#1354,#1355,#1356,#1357,#1358,#1359,#1360,#1361,#1362,#1363,#1364,#1365,
#1366),.UNSPECIFIED.,.F.,.F.,(4,3,3,3,3,3,4),(0.0253470227904997,0.289745557673496,
0.428538317728956,0.567331077784415,0.706123837839875,0.844916597895335,
0.973957984166897),.UNSPECIFIED.);
#29=B_SPLINE_CURVE_WITH_KNOTS('',3,(#1367,#1368,#1369,#1370,#1371,#1372,
#1373,#1374,#1375,#1376,#1377,#1378,#1379,#1380,#1381,#1382,#1383,#1384,
#1385,#1386,#1387,#1388,#1389,#1390,#1391,#1392,#1393,#1394,#1395,#1396,
#1397,#1398,#1399,#1400,#1401,#1402,#1403,#1404,#1405,#1406,#1407,#1408,
#1409,#1410,#1411,#1412,#1413,#1414,#1415,#1416,#1417,#1418,#1419,#1420,
#1421,#1422,#1423,#1424,#1425,#1426,#1427,#1428,#1429,#1430,#1431,#1432,
#1433,#1434,#1435,#1436,#1437,#1438,#1439,#1440,#1441,#1442,#1443,#1444,
#1445,#1446,#1447,#1448,#1449,#1450,#1451,#1452,#1453,#1454,#1455,#1456,
#1457,#1458,#1459,#1460,#1461,#1462,#1463,#1464,#1465,#1466,#1467,#1468,
#1469,#1470,#1471,#1472,#1473,#1474,#1475,#1476,#1477,#1478,#1479,#1480,
#1481,#1482,#1483,#1484,#1485,#1486,#1487,#1488,#1489,#1490,#1491,#1492,
#1493,#1494,#1495,#1496,#1497,#1498,#1499,#1500,#1501,#1502,#1503,#1504,
#1505,#1506,#1507,#1508,#1509,#1510,#1511,#1512,#1513,#1514,#1515,#1516,
#1517,#1518,#1519,#1520,#1521,#1522,#1523,#1524,#1525,#1526,#1527,#1528,
#1529,#1530,#1531,#1532,#1533,#1534,#1535,#1536,#1537,#1538,#1539,#1540,
#1541,#1542,#1543,#1544,#1545,#1546,#1547,#1548,#1549,#1550,#1551,#1552,
#1553),.UNSPECIFIED.,.T.,.F.,(4,3,3,3,3,3,3,3,3,3,3,3,3,3,3,3,3,3,3,3,3,
3,3,3,3,3,3,3,3,3,3,3,3,3,3,3,3,3,3,3,3,3,3,3,3,3,3,3,3,3,3,3,3,3,3,3,3,
3,3,3,3,3,4),(2.60405873437325,2.66786926058836,2.73280405920414,2.76822253295279,
2.83266467919928,2.89677526753122,2.95893360317297,2.97204434434209,3.03406029835699,
3.06370208702431,3.08431434957965,3.14762803443938,3.19604227734535,3.25925184281793,
3.32397031353315,3.38868878424836,3.45198083244643,3.5152728806445,3.57943927555577,
3.64093127977427,3.70647732580272,3.77202337183116,3.83580039334008,3.90260028540813,
3.96533608951687,3.96940017747619,3.96995791176449,4.03201109529913,4.09567981175307,
4.16039125561927,4.17237837780491,4.23736224302833,4.30215376707172,4.36509646971369,
4.37866575427318,4.43167219006084,4.49544098802799,4.5597866885148,4.58347293059528,
4.64733236878202,4.71090214256925,4.77257028006382,4.78241338647703,4.84515602096682,
4.88791462976007,4.95117085228782,4.97486154387234,5.03721142814044,5.10079505534713,
5.16437868255382,5.22783097535421,5.29094425925718,5.33997993888407,5.3561890048793,
5.41758268838844,5.48053308798201,5.54433464330093,5.55402448353967,5.56907095327618,
5.63300270423667,5.69739450066308,5.75794468317336,5.8001010117186),
 .UNSPECIFIED.);
#30=B_SPLINE_SURFACE_WITH_KNOTS('',3,3,((#860,#861,#862,#863,#864,#865,
#866,#867,#868,#869),(#870,#871,#872,#873,#874,#875,#876,#877,#878,#879),
(#880,#881,#882,#883,#884,#885,#886,#887,#888,#889),(#890,#891,#892,#893,
#894,#895,#896,#897,#898,#899),(#900,#901,#902,#903,#904,#905,#906,#907,
#908,#909),(#910,#911,#912,#913,#914,#915,#916,#917,#918,#919),(#920,#921,
#922,#923,#924,#925,#926,#927,#928,#929),(#930,#931,#932,#933,#934,#935,
#936,#937,#938,#939),(#940,#941,#942,#943,#944,#945,#946,#947,#948,#949),
(#950,#951,#952,#953,#954,#955,#956,#957,#958,#959),(#960,#961,#962,#963,
#964,#965,#966,#967,#968,#969)),.UNSPECIFIED.,.T.,.F.,.F.,(4,1,1,1,1,1,
1,1,4),(4,1,1,1,1,1,1,4),(-3.14159265358979,-2.69279370307697,-2.24399475256414,
-1.34639685153848,-0.448798950512828,0.448798950512828,1.34639685153848,
2.24399475256414,3.14159265358979),(0.,0.142857142857143,0.285714285714286,
0.428571428571429,0.571428571428571,0.714285714285714,0.857142857142857,
1.),.UNSPECIFIED.);
#31=B_SPLINE_SURFACE_WITH_KNOTS('',3,3,((#1057,#1058,#1059,#1060,#1061,
#1062,#1063,#1064,#1065),(#1066,#1067,#1068,#1069,#1070,#1071,#1072,#1073,
#1074),(#1075,#1076,#1077,#1078,#1079,#1080,#1081,#1082,#1083),(#1084,#1085,
#1086,#1087,#1088,#1089,#1090,#1091,#1092),(#1093,#1094,#1095,#1096,#1097,
#1098,#1099,#1100,#1101),(#1102,#1103,#1104,#1105,#1106,#1107,#1108,#1109,
#1110),(#1111,#1112,#1113,#1114,#1115,#1116,#1117,#1118,#1119),(#1120,#1121,
#1122,#1123,#1124,#1125,#1126,#1127,#1128),(#1129,#1130,#1131,#1132,#1133,
#1134,#1135,#1136,#1137),(#1138,#1139,#1140,#1141,#1142,#1143,#1144,#1145,
#1146),(#1147,#1148,#1149,#1150,#1151,#1152,#1153,#1154,#1155)),
 .UNSPECIFIED.,.T.,.F.,.F.,(4,1,1,1,1,1,1,1,4),(4,1,1,1,1,1,4),(-3.14159265358979,
-2.69279370307697,-2.24399475256414,-1.34639685153848,-0.448798950512828,
0.448798950512828,1.34639685153848,2.24399475256414,3.14159265358979),(0.0121600375641902,
0.289745557674471,0.428538317729612,0.567331077784752,0.706123837839892,
0.844916597895033,0.983709357950173),.UNSPECIFIED.);
#32=PLANE('',#635);
#33=PLANE('',#639);
#34=PLANE('',#643);
#35=PLANE('',#647);
#36=PLANE('',#651);
#37=PLANE('',#652);
#38=PLANE('',#653);
#39=PLANE('',#654);
#40=PLANE('',#655);
#41=PLANE('',#656);
#42=PLANE('',#657);
#43=PLANE('',#658);
#44=PLANE('',#659);
#45=PLANE('',#660);
#46=PLANE('',#661);
#47=PLANE('',#662);
#48=PLANE('',#663);
#49=PLANE('',#664);
#50=PLANE('',#665);
#51=PLANE('',#666);
#52=PLANE('',#667);
#53=PLANE('',#668);
#54=PLANE('',#669);
#55=PLANE('',#670);
#56=PLANE('',#671);
#57=PLANE('',#672);
#58=PLANE('',#673);
#59=PLANE('',#674);
#60=PLANE('',#675);
#61=FACE_OUTER_BOUND('',#96,.T.);
#62=FACE_OUTER_BOUND('',#97,.T.);
#63=FACE_OUTER_BOUND('',#98,.T.);
#64=FACE_OUTER_BOUND('',#99,.T.);
#65=FACE_OUTER_BOUND('',#100,.T.);
#66=FACE_OUTER_BOUND('',#101,.T.);
#67=FACE_OUTER_BOUND('',#102,.T.);
#68=FACE_OUTER_BOUND('',#103,.T.);
#69=FACE_OUTER_BOUND('',#104,.T.);
#70=FACE_OUTER_BOUND('',#105,.T.);
#71=FACE_OUTER_BOUND('',#106,.T.);
#72=FACE_OUTER_BOUND('',#107,.T.);
#73=FACE_OUTER_BOUND('',#108,.T.);
#74=FACE_OUTER_BOUND('',#109,.T.);
#75=FACE_OUTER_BOUND('',#110,.T.);
#76=FACE_OUTER_BOUND('',#111,.T.);
#77=FACE_OUTER_BOUND('',#112,.T.);
#78=FACE_OUTER_BOUND('',#113,.T.);
#79=FACE_OUTER_BOUND('',#114,.T.);
#80=FACE_OUTER_BOUND('',#115,.T.);
#81=FACE_OUTER_BOUND('',#116,.T.);
#82=FACE_OUTER_BOUND('',#117,.T.);
#83=FACE_OUTER_BOUND('',#118,.T.);
#84=FACE_OUTER_BOUND('',#119,.T.);
#85=FACE_OUTER_BOUND('',#120,.T.);
#86=FACE_OUTER_BOUND('',#123,.T.);
#87=FACE_OUTER_BOUND('',#124,.T.);
#88=FACE_OUTER_BOUND('',#126,.T.);
#89=FACE_OUTER_BOUND('',#127,.T.);
#90=FACE_OUTER_BOUND('',#129,.T.);
#91=FACE_OUTER_BOUND('',#130,.T.);
#92=FACE_OUTER_BOUND('',#131,.T.);
#93=FACE_OUTER_BOUND('',#132,.T.);
#94=FACE_OUTER_BOUND('',#133,.T.);
#95=FACE_OUTER_BOUND('',#135,.T.);
#96=EDGE_LOOP('',(#417,#418,#419,#420));
#97=EDGE_LOOP('',(#421));
#98=EDGE_LOOP('',(#422,#423,#424,#425));
#99=EDGE_LOOP('',(#426));
#100=EDGE_LOOP('',(#427,#428,#429,#430));
#101=EDGE_LOOP('',(#431));
#102=EDGE_LOOP('',(#432,#433,#434,#435));
#103=EDGE_LOOP('',(#436));
#104=EDGE_LOOP('',(#437,#438,#439,#440,#441,#442));
#105=EDGE_LOOP('',(#443));
#106=EDGE_LOOP('',(#444,#445,#446));
#107=EDGE_LOOP('',(#447,#448,#449,#450));
#108=EDGE_LOOP('',(#451,#452,#453,#454));
#109=EDGE_LOOP('',(#455,#456,#457,#458));
#110=EDGE_LOOP('',(#459,#460,#461,#462));
#111=EDGE_LOOP('',(#463,#464,#465,#466));
#112=EDGE_LOOP('',(#467,#468,#469,#470));
#113=EDGE_LOOP('',(#471,#472,#473,#474));
#114=EDGE_LOOP('',(#475,#476,#477,#478));
#115=EDGE_LOOP('',(#479,#480,#481,#482));
#116=EDGE_LOOP('',(#483,#484,#485,#486));
#117=EDGE_LOOP('',(#487,#488,#489,#490));
#118=EDGE_LOOP('',(#491,#492,#493,#494));
#119=EDGE_LOOP('',(#495,#496,#497,#498));
#120=EDGE_LOOP('',(#499,#500,#501,#502));
#121=EDGE_LOOP('',(#503));
#122=EDGE_LOOP('',(#504,#505,#506,#507,#508,#509,#510,#511,#512,#513,#514,
#515));
#123=EDGE_LOOP('',(#516,#517,#518,#519));
#124=EDGE_LOOP('',(#520,#521,#522,#523));
#125=EDGE_LOOP('',(#524,#525));
#126=EDGE_LOOP('',(#526,#527,#528,#529));
#127=EDGE_LOOP('',(#530,#531,#532,#533));
#128=EDGE_LOOP('',(#534));
#129=EDGE_LOOP('',(#535,#536,#537,#538));
#130=EDGE_LOOP('',(#539,#540,#541,#542));
#131=EDGE_LOOP('',(#543,#544,#545,#546));
#132=EDGE_LOOP('',(#547,#548,#549,#550));
#133=EDGE_LOOP('',(#551,#552,#553,#554));
#134=EDGE_LOOP('',(#555,#556,#557,#558,#559,#560,#561,#562,#563,#564,#565,
#566));
#135=EDGE_LOOP('',(#567,#568,#569,#570));
#136=EDGE_LOOP('',(#571,#572,#573,#574));
#137=EDGE_LOOP('',(#575));
#138=EDGE_LOOP('',(#576));
#139=EDGE_LOOP('',(#577));
#140=EDGE_LOOP('',(#578));
#141=LINE('',#836,#206);
#142=LINE('',#843,#207);
#143=LINE('',#850,#208);
#144=LINE('',#857,#209);
#145=LINE('',#1056,#210);
#146=LINE('',#1557,#211);
#147=LINE('',#1559,#212);
#148=LINE('',#1561,#213);
#149=LINE('',#1562,#214);
#150=LINE('',#1565,#215);
#151=LINE('',#1567,#216);
#152=LINE('',#1568,#217);
#153=LINE('',#1571,#218);
#154=LINE('',#1573,#219);
#155=LINE('',#1574,#220);
#156=LINE('',#1577,#221);
#157=LINE('',#1579,#222);
#158=LINE('',#1580,#223);
#159=LINE('',#1583,#224);
#160=LINE('',#1585,#225);
#161=LINE('',#1586,#226);
#162=LINE('',#1589,#227);
#163=LINE('',#1591,#228);
#164=LINE('',#1592,#229);
#165=LINE('',#1595,#230);
#166=LINE('',#1597,#231);
#167=LINE('',#1598,#232);
#168=LINE('',#1601,#233);
#169=LINE('',#1603,#234);
#170=LINE('',#1604,#235);
#171=LINE('',#1607,#236);
#172=LINE('',#1609,#237);
#173=LINE('',#1610,#238);
#174=LINE('',#1613,#239);
#175=LINE('',#1615,#240);
#176=LINE('',#1616,#241);
#177=LINE('',#1619,#242);
#178=LINE('',#1621,#243);
#179=LINE('',#1622,#244);
#180=LINE('',#1624,#245);
#181=LINE('',#1625,#246);
#182=LINE('',#1629,#247);
#183=LINE('',#1631,#248);
#184=LINE('',#1633,#249);
#185=LINE('',#1634,#250);
#186=LINE('',#1637,#251);
#187=LINE('',#1639,#252);
#188=LINE('',#1640,#253);
#189=LINE('',#1643,#254);
#190=LINE('',#1644,#255);
#191=LINE('',#1647,#256);
#192=LINE('',#1648,#257);
#193=LINE('',#1650,#258);
#194=LINE('',#1654,#259);
#195=LINE('',#1656,#260);
#196=LINE('',#1658,#261);
#197=LINE('',#1659,#262);
#198=LINE('',#1662,#263);
#199=LINE('',#1664,#264);
#200=LINE('',#1665,#265);
#201=LINE('',#1668,#266);
#202=LINE('',#1670,#267);
#203=LINE('',#1671,#268);
#204=LINE('',#1673,#269);
#205=LINE('',#1674,#270);
#206=VECTOR('',#682,1.27118644065);
#207=VECTOR('',#691,1.27118644065);
#208=VECTOR('',#700,1.27118644065);
#209=VECTOR('',#709,1.27118644065);
#210=VECTOR('',#724,2.5423728813);
#211=VECTOR('',#727,2.5423728813);
#212=VECTOR('',#728,2.5423728813);
#213=VECTOR('',#729,2.5423728813);
#214=VECTOR('',#730,2.5423728813);
#215=VECTOR('',#733,2.5423728813);
#216=VECTOR('',#734,2.5423728813);
#217=VECTOR('',#735,2.5423728813);
#218=VECTOR('',#738,2.5423728813);
#219=VECTOR('',#739,2.5423728813);
#220=VECTOR('',#740,2.5423728813);
#221=VECTOR('',#743,2.5423728813);
#222=VECTOR('',#744,2.5423728813);
#223=VECTOR('',#745,2.5423728813);
#224=VECTOR('',#748,2.5423728813);
#225=VECTOR('',#749,2.5423728813);
#226=VECTOR('',#750,2.5423728813);
#227=VECTOR('',#753,2.5423728813);
#228=VECTOR('',#754,2.5423728813);
#229=VECTOR('',#755,2.5423728813);
#230=VECTOR('',#758,2.5423728813);
#231=VECTOR('',#759,2.5423728813);
#232=VECTOR('',#760,2.5423728813);
#233=VECTOR('',#763,2.5423728813);
#234=VECTOR('',#764,2.5423728813);
#235=VECTOR('',#765,2.5423728813);
#236=VECTOR('',#768,2.5423728813);
#237=VECTOR('',#769,2.5423728813);
#238=VECTOR('',#770,2.5423728813);
#239=VECTOR('',#773,2.5423728813);
#240=VECTOR('',#774,2.5423728813);
#241=VECTOR('',#775,2.5423728813);
#242=VECTOR('',#778,2.5423728813);
#243=VECTOR('',#779,2.5423728813);
#244=VECTOR('',#780,2.5423728813);
#245=VECTOR('',#783,2.5423728813);
#246=VECTOR('',#784,2.5423728813);
#247=VECTOR('',#787,2.5423728813);
#248=VECTOR('',#788,2.5423728813);
#249=VECTOR('',#789,2.5423728813);
#250=VECTOR('',#790,2.5423728813);
#251=VECTOR('',#793,2.5423728813);
#252=VECTOR('',#794,2.5423728813);
#253=VECTOR('',#795,2.5423728813);
#254=VECTOR('',#798,2.5423728813);
#255=VECTOR('',#799,2.5423728813);
#256=VECTOR('',#802,2.5423728813);
#257=VECTOR('',#803,2.5423728813);
#258=VECTOR('',#806,2.5423728813);
#259=VECTOR('',#809,2.5423728813);
#260=VECTOR('',#810,2.5423728813);
#261=VECTOR('',#811,2.5423728813);
#262=VECTOR('',#812,2.5423728813);
#263=VECTOR('',#815,2.5423728813);
#264=VECTOR('',#816,2.5423728813);
#265=VECTOR('',#817,2.5423728813);
#266=VECTOR('',#820,2.5423728813);
#267=VECTOR('',#821,2.5423728813);
#268=VECTOR('',#822,2.5423728813);
#269=VECTOR('',#825,2.5423728813);
#270=VECTOR('',#826,2.5423728813);
#271=CIRCLE('',#633,1.08381355929819);
#272=CIRCLE('',#634,1.08381355929819);
#273=CIRCLE('',#637,1.08381355929819);
#274=CIRCLE('',#638,1.08381355929819);
#275=CIRCLE('',#641,1.08381355929819);
#276=CIRCLE('',#642,1.08381355929819);
#277=CIRCLE('',#645,1.08381355929819);
#278=CIRCLE('',#646,1.08381355929819);
#279=CIRCLE('',#648,1.27118644065);
#280=CIRCLE('',#649,1.27118644065);
#281=CIRCLE('',#650,1.27118644065);
#282=VERTEX_POINT('',#833);
#283=VERTEX_POINT('',#835);
#284=VERTEX_POINT('',#840);
#285=VERTEX_POINT('',#842);
#286=VERTEX_POINT('',#847);
#287=VERTEX_POINT('',#849);
#288=VERTEX_POINT('',#854);
#289=VERTEX_POINT('',#856);
#290=VERTEX_POINT('',#970);
#291=VERTEX_POINT('',#971);
#292=VERTEX_POINT('',#1039);
#293=VERTEX_POINT('',#1041);
#294=VERTEX_POINT('',#1156);
#295=VERTEX_POINT('',#1347);
#296=VERTEX_POINT('',#1555);
#297=VERTEX_POINT('',#1556);
#298=VERTEX_POINT('',#1558);
#299=VERTEX_POINT('',#1560);
#300=VERTEX_POINT('',#1564);
#301=VERTEX_POINT('',#1566);
#302=VERTEX_POINT('',#1570);
#303=VERTEX_POINT('',#1572);
#304=VERTEX_POINT('',#1576);
#305=VERTEX_POINT('',#1578);
#306=VERTEX_POINT('',#1582);
#307=VERTEX_POINT('',#1584);
#308=VERTEX_POINT('',#1588);
#309=VERTEX_POINT('',#1590);
#310=VERTEX_POINT('',#1594);
#311=VERTEX_POINT('',#1596);
#312=VERTEX_POINT('',#1600);
#313=VERTEX_POINT('',#1602);
#314=VERTEX_POINT('',#1606);
#315=VERTEX_POINT('',#1608);
#316=VERTEX_POINT('',#1612);
#317=VERTEX_POINT('',#1614);
#318=VERTEX_POINT('',#1618);
#319=VERTEX_POINT('',#1620);
#320=VERTEX_POINT('',#1627);
#321=VERTEX_POINT('',#1628);
#322=VERTEX_POINT('',#1630);
#323=VERTEX_POINT('',#1632);
#324=VERTEX_POINT('',#1636);
#325=VERTEX_POINT('',#1638);
#326=VERTEX_POINT('',#1642);
#327=VERTEX_POINT('',#1646);
#328=VERTEX_POINT('',#1652);
#329=VERTEX_POINT('',#1653);
#330=VERTEX_POINT('',#1655);
#331=VERTEX_POINT('',#1657);
#332=VERTEX_POINT('',#1661);
#333=VERTEX_POINT('',#1663);
#334=VERTEX_POINT('',#1667);
#335=VERTEX_POINT('',#1669);
#336=EDGE_CURVE('',#282,#282,#271,.T.);
#337=EDGE_CURVE('',#282,#283,#141,.T.);
#338=EDGE_CURVE('',#283,#283,#272,.T.);
#339=EDGE_CURVE('',#284,#284,#273,.T.);
#340=EDGE_CURVE('',#284,#285,#142,.T.);
#341=EDGE_CURVE('',#285,#285,#274,.T.);
#342=EDGE_CURVE('',#286,#286,#275,.T.);
#343=EDGE_CURVE('',#286,#287,#143,.T.);
#344=EDGE_CURVE('',#287,#287,#276,.T.);
#345=EDGE_CURVE('',#288,#288,#277,.T.);
#346=EDGE_CURVE('',#288,#289,#144,.T.);
#347=EDGE_CURVE('',#289,#289,#278,.T.);
#348=EDGE_CURVE('',#290,#291,#25,.T.);
#349=EDGE_CURVE('',#290,#292,#279,.T.);
#350=EDGE_CURVE('',#292,#293,#26,.T.);
#351=EDGE_CURVE('',#293,#293,#280,.T.);
#352=EDGE_CURVE('',#292,#291,#281,.T.);
#353=EDGE_CURVE('',#291,#290,#145,.T.);
#354=EDGE_CURVE('',#294,#294,#27,.T.);
#355=EDGE_CURVE('',#295,#294,#28,.T.);
#356=EDGE_CURVE('',#295,#295,#29,.T.);
#357=EDGE_CURVE('',#296,#297,#146,.T.);
#358=EDGE_CURVE('',#297,#298,#147,.T.);
#359=EDGE_CURVE('',#299,#298,#148,.T.);
#360=EDGE_CURVE('',#296,#299,#149,.T.);
#361=EDGE_CURVE('',#300,#296,#150,.T.);
#362=EDGE_CURVE('',#301,#299,#151,.T.);
#363=EDGE_CURVE('',#300,#301,#152,.T.);
#364=EDGE_CURVE('',#302,#300,#153,.T.);
#365=EDGE_CURVE('',#303,#301,#154,.T.);
#366=EDGE_CURVE('',#302,#303,#155,.T.);
#367=EDGE_CURVE('',#304,#302,#156,.T.);
#368=EDGE_CURVE('',#305,#303,#157,.T.);
#369=EDGE_CURVE('',#304,#305,#158,.T.);
#370=EDGE_CURVE('',#306,#304,#159,.T.);
#371=EDGE_CURVE('',#307,#305,#160,.T.);
#372=EDGE_CURVE('',#306,#307,#161,.T.);
#373=EDGE_CURVE('',#308,#306,#162,.T.);
#374=EDGE_CURVE('',#309,#307,#163,.T.);
#375=EDGE_CURVE('',#308,#309,#164,.T.);
#376=EDGE_CURVE('',#310,#308,#165,.T.);
#377=EDGE_CURVE('',#311,#309,#166,.T.);
#378=EDGE_CURVE('',#310,#311,#167,.T.);
#379=EDGE_CURVE('',#312,#310,#168,.T.);
#380=EDGE_CURVE('',#313,#311,#169,.T.);
#381=EDGE_CURVE('',#312,#313,#170,.T.);
#382=EDGE_CURVE('',#314,#312,#171,.T.);
#383=EDGE_CURVE('',#315,#313,#172,.T.);
#384=EDGE_CURVE('',#314,#315,#173,.T.);
#385=EDGE_CURVE('',#316,#314,#174,.T.);
#386=EDGE_CURVE('',#317,#315,#175,.T.);
#387=EDGE_CURVE('',#316,#317,#176,.T.);
#388=EDGE_CURVE('',#318,#316,#177,.T.);
#389=EDGE_CURVE('',#319,#317,#178,.T.);
#390=EDGE_CURVE('',#318,#319,#179,.T.);
#391=EDGE_CURVE('',#297,#318,#180,.T.);
#392=EDGE_CURVE('',#298,#319,#181,.T.);
#393=EDGE_CURVE('',#320,#321,#182,.T.);
#394=EDGE_CURVE('',#322,#320,#183,.T.);
#395=EDGE_CURVE('',#323,#322,#184,.T.);
#396=EDGE_CURVE('',#321,#323,#185,.T.);
#397=EDGE_CURVE('',#322,#324,#186,.T.);
#398=EDGE_CURVE('',#325,#324,#187,.T.);
#399=EDGE_CURVE('',#323,#325,#188,.T.);
#400=EDGE_CURVE('',#320,#326,#189,.T.);
#401=EDGE_CURVE('',#324,#326,#190,.T.);
#402=EDGE_CURVE('',#321,#327,#191,.T.);
#403=EDGE_CURVE('',#326,#327,#192,.T.);
#404=EDGE_CURVE('',#327,#325,#193,.T.);
#405=EDGE_CURVE('',#328,#329,#194,.T.);
#406=EDGE_CURVE('',#328,#330,#195,.T.);
#407=EDGE_CURVE('',#331,#330,#196,.F.);
#408=EDGE_CURVE('',#329,#331,#197,.F.);
#409=EDGE_CURVE('',#329,#332,#198,.T.);
#410=EDGE_CURVE('',#333,#331,#199,.F.);
#411=EDGE_CURVE('',#332,#333,#200,.F.);
#412=EDGE_CURVE('',#332,#334,#201,.T.);
#413=EDGE_CURVE('',#335,#333,#202,.F.);
#414=EDGE_CURVE('',#334,#335,#203,.F.);
#415=EDGE_CURVE('',#334,#328,#204,.T.);
#416=EDGE_CURVE('',#330,#335,#205,.F.);
#417=ORIENTED_EDGE('',*,*,#336,.F.);
#418=ORIENTED_EDGE('',*,*,#337,.T.);
#419=ORIENTED_EDGE('',*,*,#338,.T.);
#420=ORIENTED_EDGE('',*,*,#337,.F.);
#421=ORIENTED_EDGE('',*,*,#338,.F.);
#422=ORIENTED_EDGE('',*,*,#339,.F.);
#423=ORIENTED_EDGE('',*,*,#340,.T.);
#424=ORIENTED_EDGE('',*,*,#341,.T.);
#425=ORIENTED_EDGE('',*,*,#340,.F.);
#426=ORIENTED_EDGE('',*,*,#341,.F.);
#427=ORIENTED_EDGE('',*,*,#342,.F.);
#428=ORIENTED_EDGE('',*,*,#343,.T.);
#429=ORIENTED_EDGE('',*,*,#344,.T.);
#430=ORIENTED_EDGE('',*,*,#343,.F.);
#431=ORIENTED_EDGE('',*,*,#344,.F.);
#432=ORIENTED_EDGE('',*,*,#345,.F.);
#433=ORIENTED_EDGE('',*,*,#346,.T.);
#434=ORIENTED_EDGE('',*,*,#347,.T.);
#435=ORIENTED_EDGE('',*,*,#346,.F.);
#436=ORIENTED_EDGE('',*,*,#347,.F.);
#437=ORIENTED_EDGE('',*,*,#348,.F.);
#438=ORIENTED_EDGE('',*,*,#349,.T.);
#439=ORIENTED_EDGE('',*,*,#350,.T.);
#440=ORIENTED_EDGE('',*,*,#351,.F.);
#441=ORIENTED_EDGE('',*,*,#350,.F.);
#442=ORIENTED_EDGE('',*,*,#352,.T.);
#443=ORIENTED_EDGE('',*,*,#351,.T.);
#444=ORIENTED_EDGE('',*,*,#353,.F.);
#445=ORIENTED_EDGE('',*,*,#352,.F.);
#446=ORIENTED_EDGE('',*,*,#349,.F.);
#447=ORIENTED_EDGE('',*,*,#354,.F.);
#448=ORIENTED_EDGE('',*,*,#355,.F.);
#449=ORIENTED_EDGE('',*,*,#356,.F.);
#450=ORIENTED_EDGE('',*,*,#355,.T.);
#451=ORIENTED_EDGE('',*,*,#357,.T.);
#452=ORIENTED_EDGE('',*,*,#358,.T.);
#453=ORIENTED_EDGE('',*,*,#359,.F.);
#454=ORIENTED_EDGE('',*,*,#360,.F.);
#455=ORIENTED_EDGE('',*,*,#361,.T.);
#456=ORIENTED_EDGE('',*,*,#360,.T.);
#457=ORIENTED_EDGE('',*,*,#362,.F.);
#458=ORIENTED_EDGE('',*,*,#363,.F.);
#459=ORIENTED_EDGE('',*,*,#364,.T.);
#460=ORIENTED_EDGE('',*,*,#363,.T.);
#461=ORIENTED_EDGE('',*,*,#365,.F.);
#462=ORIENTED_EDGE('',*,*,#366,.F.);
#463=ORIENTED_EDGE('',*,*,#367,.T.);
#464=ORIENTED_EDGE('',*,*,#366,.T.);
#465=ORIENTED_EDGE('',*,*,#368,.F.);
#466=ORIENTED_EDGE('',*,*,#369,.F.);
#467=ORIENTED_EDGE('',*,*,#370,.T.);
#468=ORIENTED_EDGE('',*,*,#369,.T.);
#469=ORIENTED_EDGE('',*,*,#371,.F.);
#470=ORIENTED_EDGE('',*,*,#372,.F.);
#471=ORIENTED_EDGE('',*,*,#373,.T.);
#472=ORIENTED_EDGE('',*,*,#372,.T.);
#473=ORIENTED_EDGE('',*,*,#374,.F.);
#474=ORIENTED_EDGE('',*,*,#375,.F.);
#475=ORIENTED_EDGE('',*,*,#376,.T.);
#476=ORIENTED_EDGE('',*,*,#375,.T.);
#477=ORIENTED_EDGE('',*,*,#377,.F.);
#478=ORIENTED_EDGE('',*,*,#378,.F.);
#479=ORIENTED_EDGE('',*,*,#379,.T.);
#480=ORIENTED_EDGE('',*,*,#378,.T.);
#481=ORIENTED_EDGE('',*,*,#380,.F.);
#482=ORIENTED_EDGE('',*,*,#381,.F.);
#483=ORIENTED_EDGE('',*,*,#382,.T.);
#484=ORIENTED_EDGE('',*,*,#381,.T.);
#485=ORIENTED_EDGE('',*,*,#383,.F.);
#486=ORIENTED_EDGE('',*,*,#384,.F.);
#487=ORIENTED_EDGE('',*,*,#385,.T.);
#488=ORIENTED_EDGE('',*,*,#384,.T.);
#489=ORIENTED_EDGE('',*,*,#386,.F.);
#490=ORIENTED_EDGE('',*,*,#387,.F.);
#491=ORIENTED_EDGE('',*,*,#388,.T.);
#492=ORIENTED_EDGE('',*,*,#387,.T.);
#493=ORIENTED_EDGE('',*,*,#389,.F.);
#494=ORIENTED_EDGE('',*,*,#390,.F.);
#495=ORIENTED_EDGE('',*,*,#391,.T.);
#496=ORIENTED_EDGE('',*,*,#390,.T.);
#497=ORIENTED_EDGE('',*,*,#392,.F.);
#498=ORIENTED_EDGE('',*,*,#358,.F.);
#499=ORIENTED_EDGE('',*,*,#393,.F.);
#500=ORIENTED_EDGE('',*,*,#394,.F.);
#501=ORIENTED_EDGE('',*,*,#395,.F.);
#502=ORIENTED_EDGE('',*,*,#396,.F.);
#503=ORIENTED_EDGE('',*,*,#354,.T.);
#504=ORIENTED_EDGE('',*,*,#392,.T.);
#505=ORIENTED_EDGE('',*,*,#389,.T.);
#506=ORIENTED_EDGE('',*,*,#386,.T.);
#507=ORIENTED_EDGE('',*,*,#383,.T.);
#508=ORIENTED_EDGE('',*,*,#380,.T.);
#509=ORIENTED_EDGE('',*,*,#377,.T.);
#510=ORIENTED_EDGE('',*,*,#374,.T.);
#511=ORIENTED_EDGE('',*,*,#371,.T.);
#512=ORIENTED_EDGE('',*,*,#368,.T.);
#513=ORIENTED_EDGE('',*,*,#365,.T.);
#514=ORIENTED_EDGE('',*,*,#362,.T.);
#515=ORIENTED_EDGE('',*,*,#359,.T.);
#516=ORIENTED_EDGE('',*,*,#395,.T.);
#517=ORIENTED_EDGE('',*,*,#397,.T.);
#518=ORIENTED_EDGE('',*,*,#398,.F.);
#519=ORIENTED_EDGE('',*,*,#399,.F.);
#520=ORIENTED_EDGE('',*,*,#394,.T.);
#521=ORIENTED_EDGE('',*,*,#400,.T.);
#522=ORIENTED_EDGE('',*,*,#401,.F.);
#523=ORIENTED_EDGE('',*,*,#397,.F.);
#524=ORIENTED_EDGE('',*,*,#348,.T.);
#525=ORIENTED_EDGE('',*,*,#353,.T.);
#526=ORIENTED_EDGE('',*,*,#393,.T.);
#527=ORIENTED_EDGE('',*,*,#402,.T.);
#528=ORIENTED_EDGE('',*,*,#403,.F.);
#529=ORIENTED_EDGE('',*,*,#400,.F.);
#530=ORIENTED_EDGE('',*,*,#396,.T.);
#531=ORIENTED_EDGE('',*,*,#399,.T.);
#532=ORIENTED_EDGE('',*,*,#404,.F.);
#533=ORIENTED_EDGE('',*,*,#402,.F.);
#534=ORIENTED_EDGE('',*,*,#356,.T.);
#535=ORIENTED_EDGE('',*,*,#405,.F.);
#536=ORIENTED_EDGE('',*,*,#406,.T.);
#537=ORIENTED_EDGE('',*,*,#407,.F.);
#538=ORIENTED_EDGE('',*,*,#408,.F.);
#539=ORIENTED_EDGE('',*,*,#409,.F.);
#540=ORIENTED_EDGE('',*,*,#408,.T.);
#541=ORIENTED_EDGE('',*,*,#410,.F.);
#542=ORIENTED_EDGE('',*,*,#411,.F.);
#543=ORIENTED_EDGE('',*,*,#412,.F.);
#544=ORIENTED_EDGE('',*,*,#411,.T.);
#545=ORIENTED_EDGE('',*,*,#413,.F.);
#546=ORIENTED_EDGE('',*,*,#414,.F.);
#547=ORIENTED_EDGE('',*,*,#415,.F.);
#548=ORIENTED_EDGE('',*,*,#414,.T.);
#549=ORIENTED_EDGE('',*,*,#416,.F.);
#550=ORIENTED_EDGE('',*,*,#406,.F.);
#551=ORIENTED_EDGE('',*,*,#415,.T.);
#552=ORIENTED_EDGE('',*,*,#405,.T.);
#553=ORIENTED_EDGE('',*,*,#409,.T.);
#554=ORIENTED_EDGE('',*,*,#412,.T.);
#555=ORIENTED_EDGE('',*,*,#391,.F.);
#556=ORIENTED_EDGE('',*,*,#357,.F.);
#557=ORIENTED_EDGE('',*,*,#361,.F.);
#558=ORIENTED_EDGE('',*,*,#364,.F.);
#559=ORIENTED_EDGE('',*,*,#367,.F.);
#560=ORIENTED_EDGE('',*,*,#370,.F.);
#561=ORIENTED_EDGE('',*,*,#373,.F.);
#562=ORIENTED_EDGE('',*,*,#376,.F.);
#563=ORIENTED_EDGE('',*,*,#379,.F.);
#564=ORIENTED_EDGE('',*,*,#382,.F.);
#565=ORIENTED_EDGE('',*,*,#385,.F.);
#566=ORIENTED_EDGE('',*,*,#388,.F.);
#567=ORIENTED_EDGE('',*,*,#416,.T.);
#568=ORIENTED_EDGE('',*,*,#413,.T.);
#569=ORIENTED_EDGE('',*,*,#410,.T.);
#570=ORIENTED_EDGE('',*,*,#407,.T.);
#571=ORIENTED_EDGE('',*,*,#398,.T.);
#572=ORIENTED_EDGE('',*,*,#401,.T.);
#573=ORIENTED_EDGE('',*,*,#403,.T.);
#574=ORIENTED_EDGE('',*,*,#404,.T.);
#575=ORIENTED_EDGE('',*,*,#345,.T.);
#576=ORIENTED_EDGE('',*,*,#342,.T.);
#577=ORIENTED_EDGE('',*,*,#339,.T.);
#578=ORIENTED_EDGE('',*,*,#336,.T.);
#579=CYLINDRICAL_SURFACE('',#632,1.08381355929819);
#580=CYLINDRICAL_SURFACE('',#636,1.08381355929819);
#581=CYLINDRICAL_SURFACE('',#640,1.08381355929819);
#582=CYLINDRICAL_SURFACE('',#644,1.08381355929819);
#583=ADVANCED_FACE('',(#61),#579,.F.);
#584=ADVANCED_FACE('',(#62),#32,.T.);
#585=ADVANCED_FACE('',(#63),#580,.F.);
#586=ADVANCED_FACE('',(#64),#33,.T.);
#587=ADVANCED_FACE('',(#65),#581,.F.);
#588=ADVANCED_FACE('',(#66),#34,.T.);
#589=ADVANCED_FACE('',(#67),#582,.F.);
#590=ADVANCED_FACE('',(#68),#35,.T.);
#591=ADVANCED_FACE('',(#69),#30,.T.);
#592=ADVANCED_FACE('',(#70),#36,.T.);
#593=ADVANCED_FACE('',(#71),#37,.F.);
#594=ADVANCED_FACE('',(#72),#31,.T.);
#595=ADVANCED_FACE('',(#73),#38,.T.);
#596=ADVANCED_FACE('',(#74),#39,.T.);
#597=ADVANCED_FACE('',(#75),#40,.T.);
#598=ADVANCED_FACE('',(#76),#41,.T.);
#599=ADVANCED_FACE('',(#77),#42,.T.);
#600=ADVANCED_FACE('',(#78),#43,.T.);
#601=ADVANCED_FACE('',(#79),#44,.T.);
#602=ADVANCED_FACE('',(#80),#45,.T.);
#603=ADVANCED_FACE('',(#81),#46,.T.);
#604=ADVANCED_FACE('',(#82),#47,.T.);
#605=ADVANCED_FACE('',(#83),#48,.T.);
#606=ADVANCED_FACE('',(#84),#49,.T.);
#607=ADVANCED_FACE('',(#85,#15,#16),#50,.T.);
#608=ADVANCED_FACE('',(#86),#51,.F.);
#609=ADVANCED_FACE('',(#87,#17),#52,.F.);
#610=ADVANCED_FACE('',(#88),#53,.F.);
#611=ADVANCED_FACE('',(#89,#18),#54,.F.);
#612=ADVANCED_FACE('',(#90),#55,.T.);
#613=ADVANCED_FACE('',(#91),#56,.T.);
#614=ADVANCED_FACE('',(#92),#57,.T.);
#615=ADVANCED_FACE('',(#93),#58,.T.);
#616=ADVANCED_FACE('',(#94,#19),#59,.F.);
#617=ADVANCED_FACE('',(#95,#20,#21,#22,#23,#24),#60,.T.);
#618=CLOSED_SHELL('',(#583,#584,#585,#586,#587,#588,#589,#590,#591,#592,
#593,#594,#595,#596,#597,#598,#599,#600,#601,#602,#603,#604,#605,#606,#607,
#608,#609,#610,#611,#612,#613,#614,#615,#616,#617));
#619=DERIVED_UNIT_ELEMENT(#621,1.);
#620=DERIVED_UNIT_ELEMENT(#1682,-3.);
#621=(
MASS_UNIT()
NAMED_UNIT(*)
SI_UNIT(.KILO.,.GRAM.)
);
#622=DERIVED_UNIT((#619,#620));
#623=MEASURE_REPRESENTATION_ITEM('density measure',
POSITIVE_RATIO_MEASURE(7850.),#622);
#624=PROPERTY_DEFINITION_REPRESENTATION(#629,#626);
#625=PROPERTY_DEFINITION_REPRESENTATION(#630,#627);
#626=REPRESENTATION('material name',(#628),#1679);
#627=REPRESENTATION('density',(#623),#1679);
#628=DESCRIPTIVE_REPRESENTATION_ITEM('Steel','Steel');
#629=PROPERTY_DEFINITION('material property','material name',#1689);
#630=PROPERTY_DEFINITION('material property','density of part',#1689);
#631=AXIS2_PLACEMENT_3D('',#831,#676,#677);
#632=AXIS2_PLACEMENT_3D('',#832,#678,#679);
#633=AXIS2_PLACEMENT_3D('',#834,#680,#681);
#634=AXIS2_PLACEMENT_3D('',#837,#683,#684);
#635=AXIS2_PLACEMENT_3D('',#838,#685,#686);
#636=AXIS2_PLACEMENT_3D('',#839,#687,#688);
#637=AXIS2_PLACEMENT_3D('',#841,#689,#690);
#638=AXIS2_PLACEMENT_3D('',#844,#692,#693);
#639=AXIS2_PLACEMENT_3D('',#845,#694,#695);
#640=AXIS2_PLACEMENT_3D('',#846,#696,#697);
#641=AXIS2_PLACEMENT_3D('',#848,#698,#699);
#642=AXIS2_PLACEMENT_3D('',#851,#701,#702);
#643=AXIS2_PLACEMENT_3D('',#852,#703,#704);
#644=AXIS2_PLACEMENT_3D('',#853,#705,#706);
#645=AXIS2_PLACEMENT_3D('',#855,#707,#708);
#646=AXIS2_PLACEMENT_3D('',#858,#710,#711);
#647=AXIS2_PLACEMENT_3D('',#859,#712,#713);
#648=AXIS2_PLACEMENT_3D('',#1040,#714,#715);
#649=AXIS2_PLACEMENT_3D('',#1052,#716,#717);
#650=AXIS2_PLACEMENT_3D('',#1053,#718,#719);
#651=AXIS2_PLACEMENT_3D('',#1054,#720,#721);
#652=AXIS2_PLACEMENT_3D('',#1055,#722,#723);
#653=AXIS2_PLACEMENT_3D('',#1554,#725,#726);
#654=AXIS2_PLACEMENT_3D('',#1563,#731,#732);
#655=AXIS2_PLACEMENT_3D('',#1569,#736,#737);
#656=AXIS2_PLACEMENT_3D('',#1575,#741,#742);
#657=AXIS2_PLACEMENT_3D('',#1581,#746,#747);
#658=AXIS2_PLACEMENT_3D('',#1587,#751,#752);
#659=AXIS2_PLACEMENT_3D('',#1593,#756,#757);
#660=AXIS2_PLACEMENT_3D('',#1599,#761,#762);
#661=AXIS2_PLACEMENT_3D('',#1605,#766,#767);
#662=AXIS2_PLACEMENT_3D('',#1611,#771,#772);
#663=AXIS2_PLACEMENT_3D('',#1617,#776,#777);
#664=AXIS2_PLACEMENT_3D('',#1623,#781,#782);
#665=AXIS2_PLACEMENT_3D('',#1626,#785,#786);
#666=AXIS2_PLACEMENT_3D('',#1635,#791,#792);
#667=AXIS2_PLACEMENT_3D('',#1641,#796,#797);
#668=AXIS2_PLACEMENT_3D('',#1645,#800,#801);
#669=AXIS2_PLACEMENT_3D('',#1649,#804,#805);
#670=AXIS2_PLACEMENT_3D('',#1651,#807,#808);
#671=AXIS2_PLACEMENT_3D('',#1660,#813,#814);
#672=AXIS2_PLACEMENT_3D('',#1666,#818,#819);
#673=AXIS2_PLACEMENT_3D('',#1672,#823,#824);
#674=AXIS2_PLACEMENT_3D('',#1675,#827,#828);
#675=AXIS2_PLACEMENT_3D('',#1676,#829,#830);
#676=DIRECTION('axis',(0.,0.,1.));
#677=DIRECTION('refdir',(1.,0.,0.));
#678=DIRECTION('center_axis',(0.,0.,-1.));
#679=DIRECTION('ref_axis',(-1.,0.,0.));
#680=DIRECTION('center_axis',(0.,0.,-1.));
#681=DIRECTION('ref_axis',(-1.,0.,0.));
#682=DIRECTION('',(0.,0.,-1.));
#683=DIRECTION('center_axis',(0.,0.,-1.));
#684=DIRECTION('ref_axis',(-1.,0.,0.));
#685=DIRECTION('center_axis',(0.,0.,1.));
#686=DIRECTION('ref_axis',(-1.,0.,0.));
#687=DIRECTION('center_axis',(0.,0.,-1.));
#688=DIRECTION('ref_axis',(-1.,0.,0.));
#689=DIRECTION('center_axis',(0.,0.,-1.));
#690=DIRECTION('ref_axis',(-1.,0.,0.));
#691=DIRECTION('',(0.,0.,-1.));
#692=DIRECTION('center_axis',(0.,0.,-1.));
#693=DIRECTION('ref_axis',(-1.,0.,0.));
#694=DIRECTION('center_axis',(0.,0.,1.));
#695=DIRECTION('ref_axis',(-1.,0.,0.));
#696=DIRECTION('center_axis',(0.,0.,-1.));
#697=DIRECTION('ref_axis',(-1.,0.,0.));
#698=DIRECTION('center_axis',(0.,0.,-1.));
#699=DIRECTION('ref_axis',(-1.,0.,0.));
#700=DIRECTION('',(0.,0.,-1.));
#701=DIRECTION('center_axis',(0.,0.,-1.));
#702=DIRECTION('ref_axis',(-1.,0.,0.));
#703=DIRECTION('center_axis',(0.,0.,1.));
#704=DIRECTION('ref_axis',(-1.,0.,0.));
#705=DIRECTION('center_axis',(0.,0.,-1.));
#706=DIRECTION('ref_axis',(-1.,0.,0.));
#707=DIRECTION('center_axis',(0.,0.,-1.));
#708=DIRECTION('ref_axis',(-1.,0.,0.));
#709=DIRECTION('',(0.,0.,-1.));
#710=DIRECTION('center_axis',(0.,0.,-1.));
#711=DIRECTION('ref_axis',(-1.,0.,0.));
#712=DIRECTION('center_axis',(0.,0.,1.));
#713=DIRECTION('ref_axis',(-1.,0.,0.));
#714=DIRECTION('center_axis',(-0.930213678040491,-0.0416996209462752,0.364641817129247));
#715=DIRECTION('ref_axis',(0.0447830280718905,-0.998996736929962,0.));
#716=DIRECTION('center_axis',(0.0655890730660593,-0.0156144527847894,-0.997724542325469));
#717=DIRECTION('ref_axis',(0.0726155763368486,-0.997151778188053,0.0203791395714144));
#718=DIRECTION('center_axis',(-0.930213678040491,-0.0416996209462752,0.364641817129247));
#719=DIRECTION('ref_axis',(0.0447830280718905,-0.998996736929962,0.));
#720=DIRECTION('center_axis',(0.0655890730660593,-0.0156144527847894,-0.997724542325469));
#721=DIRECTION('ref_axis',(-0.993881252279135,-0.0900745652479369,-0.0639267476370668));
#722=DIRECTION('center_axis',(-0.930213678040491,-0.0416996209462752,0.364641817129247));
#723=DIRECTION('ref_axis',(0.364959261423288,0.,0.931023489231807));
#724=DIRECTION('',(0.,0.993524595277138,0.113617245959405));
#725=DIRECTION('center_axis',(-6.34413156928661E-16,-1.,0.));
#726=DIRECTION('ref_axis',(1.,-6.34413156928661E-16,0.));
#727=DIRECTION('',(1.,-6.34413156928661E-16,0.));
#728=DIRECTION('',(0.,0.,1.));
#729=DIRECTION('',(1.,-6.34413156928661E-16,0.));
#730=DIRECTION('',(0.,0.,1.));
#731=DIRECTION('center_axis',(1.,0.,0.));
#732=DIRECTION('ref_axis',(0.,1.,0.));
#733=DIRECTION('',(0.,1.,0.));
#734=DIRECTION('',(0.,1.,0.));
#735=DIRECTION('',(0.,0.,1.));
#736=DIRECTION('center_axis',(4.5547611266673E-16,-1.,0.));
#737=DIRECTION('ref_axis',(1.,4.5547611266673E-16,0.));
#738=DIRECTION('',(1.,4.5547611266673E-16,0.));
#739=DIRECTION('',(1.,4.5547611266673E-16,0.));
#740=DIRECTION('',(0.,0.,1.));
#741=DIRECTION('center_axis',(1.,0.,0.));
#742=DIRECTION('ref_axis',(0.,1.,0.));
#743=DIRECTION('',(0.,1.,0.));
#744=DIRECTION('',(0.,1.,0.));
#745=DIRECTION('',(0.,0.,1.));
#746=DIRECTION('center_axis',(4.5547611266673E-16,1.,0.));
#747=DIRECTION('ref_axis',(-1.,4.5547611266673E-16,0.));
#748=DIRECTION('',(-1.,4.5547611266673E-16,0.));
#749=DIRECTION('',(-1.,4.5547611266673E-16,0.));
#750=DIRECTION('',(0.,0.,1.));
#751=DIRECTION('center_axis',(1.,1.36642833800019E-15,0.));
#752=DIRECTION('ref_axis',(-1.36642833800019E-15,1.,0.));
#753=DIRECTION('',(-1.36642833800019E-15,1.,0.));
#754=DIRECTION('',(-1.36642833800019E-15,1.,0.));
#755=DIRECTION('',(0.,0.,1.));
#756=DIRECTION('center_axis',(0.,1.,0.));
#757=DIRECTION('ref_axis',(-1.,0.,0.));
#758=DIRECTION('',(-1.,0.,0.));
#759=DIRECTION('',(-1.,0.,0.));
#760=DIRECTION('',(0.,0.,1.));
#761=DIRECTION('center_axis',(-1.,0.,0.));
#762=DIRECTION('ref_axis',(0.,-1.,0.));
#763=DIRECTION('',(0.,-1.,0.));
#764=DIRECTION('',(0.,-1.,0.));
#765=DIRECTION('',(0.,0.,1.));
#766=DIRECTION('center_axis',(-4.55476112666731E-16,1.,0.));
#767=DIRECTION('ref_axis',(-1.,-4.55476112666731E-16,0.));
#768=DIRECTION('',(-1.,-4.55476112666731E-16,0.));
#769=DIRECTION('',(-1.,-4.55476112666731E-16,0.));
#770=DIRECTION('',(0.,0.,1.));
#771=DIRECTION('center_axis',(-1.,-1.26882631385732E-15,0.));
#772=DIRECTION('ref_axis',(1.26882631385732E-15,-1.,0.));
#773=DIRECTION('',(1.26882631385732E-15,-1.,0.));
#774=DIRECTION('',(1.26882631385732E-15,-1.,0.));
#775=DIRECTION('',(0.,0.,1.));
#776=DIRECTION('center_axis',(0.,-1.,0.));
#777=DIRECTION('ref_axis',(1.,0.,0.));
#778=DIRECTION('',(1.,0.,0.));
#779=DIRECTION('',(1.,0.,0.));
#780=DIRECTION('',(0.,0.,1.));
#781=DIRECTION('center_axis',(-1.,0.,0.));
#782=DIRECTION('ref_axis',(0.,-1.,0.));
#783=DIRECTION('',(0.,-1.,0.));
#784=DIRECTION('',(0.,-1.,0.));
#785=DIRECTION('center_axis',(0.,0.,1.));
#786=DIRECTION('ref_axis',(1.,0.,0.));
#787=DIRECTION('',(-1.,0.,0.));
#788=DIRECTION('',(0.,-1.,0.));
#789=DIRECTION('',(1.,0.,0.));
#790=DIRECTION('',(0.,1.,0.));
#791=DIRECTION('center_axis',(0.,1.,0.));
#792=DIRECTION('ref_axis',(-1.,0.,0.));
#793=DIRECTION('',(0.,0.,1.));
#794=DIRECTION('',(1.,0.,0.));
#795=DIRECTION('',(0.,0.,1.));
#796=DIRECTION('center_axis',(1.,0.,0.));
#797=DIRECTION('ref_axis',(0.,1.,0.));
#798=DIRECTION('',(0.,0.,1.));
#799=DIRECTION('',(0.,-1.,0.));
#800=DIRECTION('center_axis',(0.,-1.,0.));
#801=DIRECTION('ref_axis',(1.,0.,0.));
#802=DIRECTION('',(0.,0.,1.));
#803=DIRECTION('',(-1.,0.,0.));
#804=DIRECTION('center_axis',(-1.,0.,0.));
#805=DIRECTION('ref_axis',(0.,-1.,0.));
#806=DIRECTION('',(0.,1.,0.));
#807=DIRECTION('center_axis',(0.,1.,0.));
#808=DIRECTION('ref_axis',(-1.,0.,0.));
#809=DIRECTION('',(1.,0.,0.));
#810=DIRECTION('',(0.,0.,1.));
#811=DIRECTION('',(1.,0.,0.));
#812=DIRECTION('',(0.,0.,-1.));
#813=DIRECTION('center_axis',(1.,0.,0.));
#814=DIRECTION('ref_axis',(0.,1.,0.));
#815=DIRECTION('',(0.,-1.,0.));
#816=DIRECTION('',(0.,-1.,0.));
#817=DIRECTION('',(0.,0.,-1.));
#818=DIRECTION('center_axis',(0.,-1.,0.));
#819=DIRECTION('ref_axis',(1.,0.,0.));
#820=DIRECTION('',(-1.,0.,0.));
#821=DIRECTION('',(-1.,0.,0.));
#822=DIRECTION('',(0.,0.,-1.));
#823=DIRECTION('center_axis',(-1.,0.,0.));
#824=DIRECTION('ref_axis',(0.,-1.,0.));
#825=DIRECTION('',(0.,1.,0.));
#826=DIRECTION('',(0.,1.,0.));
#827=DIRECTION('center_axis',(0.,0.,1.));
#828=DIRECTION('ref_axis',(1.,0.,0.));
#829=DIRECTION('center_axis',(0.,0.,1.));
#830=DIRECTION('ref_axis',(1.,0.,0.));
#831=CARTESIAN_POINT('',(0.,0.,0.));
#832=CARTESIAN_POINT('Origin',(186.15254237433,-332.08474576095,108.4745762699));
#833=CARTESIAN_POINT('',(187.236355933628,-332.08474576095,108.4745762699));
#834=CARTESIAN_POINT('Origin',(186.15254237433,-332.08474576095,108.4745762699));
#835=CARTESIAN_POINT('',(187.236355933628,-332.08474576095,105.9322033886));
#836=CARTESIAN_POINT('',(187.236355933628,-332.08474576095,108.4745762699));
#837=CARTESIAN_POINT('Origin',(186.15254237433,-332.08474576095,105.9322033886));
#838=CARTESIAN_POINT('Origin',(186.15254237433,-332.08474576095,105.9322033886));
#839=CARTESIAN_POINT('Origin',(332.08474576095,-332.08474576095,108.4745762699));
#840=CARTESIAN_POINT('',(333.168559320248,-332.08474576095,108.4745762699));
#841=CARTESIAN_POINT('Origin',(332.08474576095,-332.08474576095,108.4745762699));
#842=CARTESIAN_POINT('',(333.168559320248,-332.08474576095,105.9322033886));
#843=CARTESIAN_POINT('',(333.168559320248,-332.08474576095,108.4745762699));
#844=CARTESIAN_POINT('Origin',(332.08474576095,-332.08474576095,105.9322033886));
#845=CARTESIAN_POINT('Origin',(332.08474576095,-332.08474576095,105.9322033886));
#846=CARTESIAN_POINT('Origin',(186.15254237433,-186.15254237433,108.4745762699));
#847=CARTESIAN_POINT('',(187.236355933628,-186.15254237433,108.4745762699));
#848=CARTESIAN_POINT('Origin',(186.15254237433,-186.15254237433,108.4745762699));
#849=CARTESIAN_POINT('',(187.236355933628,-186.15254237433,105.9322033886));
#850=CARTESIAN_POINT('',(187.236355933628,-186.15254237433,108.4745762699));
#851=CARTESIAN_POINT('Origin',(186.15254237433,-186.15254237433,105.9322033886));
#852=CARTESIAN_POINT('Origin',(186.15254237433,-186.15254237433,105.9322033886));
#853=CARTESIAN_POINT('Origin',(332.08474576095,-186.15254237433,108.4745762699));
#854=CARTESIAN_POINT('',(333.168559320248,-186.15254237433,108.4745762699));
#855=CARTESIAN_POINT('Origin',(332.08474576095,-186.15254237433,108.4745762699));
#856=CARTESIAN_POINT('',(333.168559320248,-186.15254237433,105.9322033886));
#857=CARTESIAN_POINT('',(333.168559320248,-186.15254237433,108.4745762699));
#858=CARTESIAN_POINT('Origin',(332.08474576095,-186.15254237433,105.9322033886));
#859=CARTESIAN_POINT('Origin',(332.08474576095,-186.15254237433,105.9322033886));
#860=CARTESIAN_POINT('Ctrl Pts',(330.049702900619,-257.026622634918,61.5487055185138));
#861=CARTESIAN_POINT('Ctrl Pts',(328.818242554271,-257.08182654222,62.0314353998472));
#862=CARTESIAN_POINT('Ctrl Pts',(326.528034968292,-257.188180755003,62.7359498155894));
#863=CARTESIAN_POINT('Ctrl Pts',(323.635212043135,-257.335009566927,62.9715374079605));
#864=CARTESIAN_POINT('Ctrl Pts',(321.342637088139,-257.467947421569,62.2899167536701));
#865=CARTESIAN_POINT('Ctrl Pts',(319.713236429809,-257.585312884636,60.6067303201176));
#866=CARTESIAN_POINT('Ctrl Pts',(318.726833235531,-257.687250478493,57.9696992358904));
#867=CARTESIAN_POINT('Ctrl Pts',(318.29862669025,-257.775932493216,54.4974112034115));
#868=CARTESIAN_POINT('Ctrl Pts',(318.342542647603,-257.827257443234,51.6883330994634));
#869=CARTESIAN_POINT('Ctrl Pts',(318.442602798398,-257.851078247938,50.1662431614626));
#870=CARTESIAN_POINT('Ctrl Pts',(329.980428883684,-257.029728050712,61.3716300167073));
#871=CARTESIAN_POINT('Ctrl Pts',(328.757104665998,-257.084567231619,61.8511705526138));
#872=CARTESIAN_POINT('Ctrl Pts',(326.48668854841,-257.190006035881,62.5494038701209));
#873=CARTESIAN_POINT('Ctrl Pts',(323.643704577269,-257.334387778424,62.7766071758936));
#874=CARTESIAN_POINT('Ctrl Pts',(321.444809811595,-257.461994024196,62.1175714677735));
#875=CARTESIAN_POINT('Ctrl Pts',(319.886191573889,-257.57417174193,60.5121820153763));
#876=CARTESIAN_POINT('Ctrl Pts',(318.914182832712,-257.674296192864,57.9306888092869));
#877=CARTESIAN_POINT('Ctrl Pts',(318.48992156464,-257.762162020419,54.4903463733357));
#878=CARTESIAN_POINT('Ctrl Pts',(318.532188869194,-257.813318237635,51.6946255127563));
#879=CARTESIAN_POINT('Ctrl Pts',(318.631859225988,-257.837046246089,50.1784650234192));
#880=CARTESIAN_POINT('Ctrl Pts',(329.84628778385,-257.123124494598,61.018750900502));
#881=CARTESIAN_POINT('Ctrl Pts',(328.639038073965,-257.177243087431,61.4919902629555));
#882=CARTESIAN_POINT('Ctrl Pts',(326.409035904856,-257.280789617494,62.1786036202303));
#883=CARTESIAN_POINT('Ctrl Pts',(323.665239449912,-257.420289751019,62.3897258228695));
#884=CARTESIAN_POINT('Ctrl Pts',(321.652522454167,-257.537291996104,61.7759986306146));
#885=CARTESIAN_POINT('Ctrl Pts',(320.234523363966,-257.639167865442,60.3249368417035));
#886=CARTESIAN_POINT('Ctrl Pts',(319.292112257683,-257.735632424642,57.8540636628551));
#887=CARTESIAN_POINT('Ctrl Pts',(318.875975369309,-257.82186263483,54.4771415411066));
#888=CARTESIAN_POINT('Ctrl Pts',(318.916451471453,-257.872585220345,51.7090456759353));
#889=CARTESIAN_POINT('Ctrl Pts',(319.015351714231,-257.896129891722,50.2045999680062));
#890=CARTESIAN_POINT('Ctrl Pts',(329.6438647485,-257.616699089017,60.4459187679336));
#891=CARTESIAN_POINT('Ctrl Pts',(328.463236364979,-257.669624300969,60.9087226261055));
#892=CARTESIAN_POINT('Ctrl Pts',(326.298737620363,-257.770128033722,61.5752332010511));
#893=CARTESIAN_POINT('Ctrl Pts',(323.718423581148,-257.901594691282,61.7591971038528));
#894=CARTESIAN_POINT('Ctrl Pts',(322.012849320379,-258.001111961699,61.2197585166338));
#895=CARTESIAN_POINT('Ctrl Pts',(320.82688999414,-258.085983765618,60.0236027124312));
#896=CARTESIAN_POINT('Ctrl Pts',(319.932236088703,-258.176471579384,57.7349572257635));
#897=CARTESIAN_POINT('Ctrl Pts',(319.529195561967,-258.260018111624,54.4627344802923));
#898=CARTESIAN_POINT('Ctrl Pts',(319.565110788088,-258.310131599296,51.7390456101569));
#899=CARTESIAN_POINT('Ctrl Pts',(319.662735629044,-258.333372642331,50.2540009951278));
#900=CARTESIAN_POINT('Ctrl Pts',(329.605375063135,-258.642112578578,60.2304662829818));
#901=CARTESIAN_POINT('Ctrl Pts',(328.435570317057,-258.694552588485,60.6890272979033));
#902=CARTESIAN_POINT('Ctrl Pts',(326.297227615411,-258.793849567723,61.3470779655913));
#903=CARTESIAN_POINT('Ctrl Pts',(323.783120221185,-258.922067031745,61.5198243614858));
#904=CARTESIAN_POINT('Ctrl Pts',(322.202026184702,-259.01450084068,61.0103403262629));
#905=CARTESIAN_POINT('Ctrl Pts',(321.110127890846,-259.092478205614,59.917596931949));
#906=CARTESIAN_POINT('Ctrl Pts',(320.234470505133,-259.180564198876,57.7027166498293));
#907=CARTESIAN_POINT('Ctrl Pts',(319.836635001289,-259.263027984284,54.4729514356258));
#908=CARTESIAN_POINT('Ctrl Pts',(319.870163801398,-259.312930216898,51.7668691761052));
#909=CARTESIAN_POINT('Ctrl Pts',(319.967270092423,-259.336047811422,50.2897126126579));
#910=CARTESIAN_POINT('Ctrl Pts',(329.935257592059,-259.619370467258,60.9602508126937));
#911=CARTESIAN_POINT('Ctrl Pts',(328.732874179565,-259.6732709137,61.4315825967429));
#912=CARTESIAN_POINT('Ctrl Pts',(326.51476664185,-259.776266282195,62.1144735679353));
#913=CARTESIAN_POINT('Ctrl Pts',(323.800810758108,-259.914300754473,62.3206021205751));
#914=CARTESIAN_POINT('Ctrl Pts',(321.844172467061,-260.028111046869,61.7204131583533));
#915=CARTESIAN_POINT('Ctrl Pts',(320.468542779308,-260.126881790501,60.3159097083858));
#916=CARTESIAN_POINT('Ctrl Pts',(319.534791611511,-260.222258507275,57.8782932272859));
#917=CARTESIAN_POINT('Ctrl Pts',(319.121028796509,-260.307999542449,54.5204913889195));
#918=CARTESIAN_POINT('Ctrl Pts',(319.160582694616,-260.358616838865,51.7604384330157));
#919=CARTESIAN_POINT('Ctrl Pts',(319.259249797824,-260.382106007905,50.2595391857866));
#920=CARTESIAN_POINT('Ctrl Pts',(330.395490699584,-259.594979820919,62.1371103835247));
#921=CARTESIAN_POINT('Ctrl Pts',(329.139454941014,-259.651285394857,62.6294737750723));
#922=CARTESIAN_POINT('Ctrl Pts',(326.788255340553,-259.760481905164,63.3522314772738));
#923=CARTESIAN_POINT('Ctrl Pts',(323.744226814144,-259.914745503167,63.6126974970848));
#924=CARTESIAN_POINT('Ctrl Pts',(321.167677852366,-260.063852602447,62.8622235937406));
#925=CARTESIAN_POINT('Ctrl Pts',(319.323761639341,-260.196936220314,60.9434725123319));
#926=CARTESIAN_POINT('Ctrl Pts',(318.292809947613,-260.304422175815,58.1378621815741));
#927=CARTESIAN_POINT('Ctrl Pts',(317.852382177058,-260.395590816019,54.5687994473296));
#928=CARTESIAN_POINT('Ctrl Pts',(317.899924462488,-260.44751799734,51.7182350763088));
#929=CARTESIAN_POINT('Ctrl Pts',(318.001161997352,-260.471619095804,50.1782350669212));
#930=CARTESIAN_POINT('Ctrl Pts',(330.638179215046,-258.597310627214,62.8703082539669));
#931=CARTESIAN_POINT('Ctrl Pts',(329.347822704711,-258.655154731893,63.376125308457));
#932=CARTESIAN_POINT('Ctrl Pts',(326.911731032239,-258.768302387423,64.1245328900197));
#933=CARTESIAN_POINT('Ctrl Pts',(323.656693847574,-258.93293878226,64.419848355011));
#934=CARTESIAN_POINT('Ctrl Pts',(320.683800174946,-259.104611662682,63.5733675507467));
#935=CARTESIAN_POINT('Ctrl Pts',(318.540471613332,-259.259635002607,61.3257752960392));
#936=CARTESIAN_POINT('Ctrl Pts',(317.44755853916,-259.374852568594,58.2849309498704));
#937=CARTESIAN_POINT('Ctrl Pts',(316.990135164752,-259.469488866467,54.5807843233124));
#938=CARTESIAN_POINT('Ctrl Pts',(317.043061611489,-259.52223521939,51.6725518267215));
#939=CARTESIAN_POINT('Ctrl Pts',(317.145943420148,-259.546727761647,50.1075395364179));
#940=CARTESIAN_POINT('Ctrl Pts',(330.480543257707,-257.371763347342,62.6083244052758));
#941=CARTESIAN_POINT('Ctrl Pts',(329.20106691424,-257.429119715876,63.1098764570996));
#942=CARTESIAN_POINT('Ctrl Pts',(326.791920188152,-257.5410126999,63.8501724913672));
#943=CARTESIAN_POINT('Ctrl Pts',(323.603793858025,-257.702359591453,64.1344523336671));
#944=CARTESIAN_POINT('Ctrl Pts',(320.756574583287,-257.866877030777,63.3184243510793));
#945=CARTESIAN_POINT('Ctrl Pts',(318.708183453909,-258.01494384934,61.1750951149161));
#946=CARTESIAN_POINT('Ctrl Pts',(317.634942117118,-258.127708434,58.2088457555463));
#947=CARTESIAN_POINT('Ctrl Pts',(317.182914871646,-258.221244855378,54.5475303197699));
#948=CARTESIAN_POINT('Ctrl Pts',(317.234171280995,-258.273729001101,51.6576104600317));
#949=CARTESIAN_POINT('Ctrl Pts',(317.336531831454,-258.298097450104,50.1005274188306));
#950=CARTESIAN_POINT('Ctrl Pts',(330.18825093449,-257.02041180333,61.9028565221268));
#951=CARTESIAN_POINT('Ctrl Pts',(328.940658012819,-257.076338901756,62.3919103392606));
#952=CARTESIAN_POINT('Ctrl Pts',(326.610357910397,-257.184562403578,63.1083679809518));
#953=CARTESIAN_POINT('Ctrl Pts',(323.618246006416,-257.336273733873,63.3602670846289));
#954=CARTESIAN_POINT('Ctrl Pts',(321.139210583127,-257.479828825988,62.6334191866057));
#955=CARTESIAN_POINT('Ctrl Pts',(319.368958789221,-257.607514667492,60.795570101458));
#956=CARTESIAN_POINT('Ctrl Pts',(318.35326379465,-257.713097702099,58.0478379233893));
#957=CARTESIAN_POINT('Ctrl Pts',(317.917020984169,-257.80341302012,54.5120093355619));
#958=CARTESIAN_POINT('Ctrl Pts',(317.963256896449,-257.855137447569,51.675646475413));
#959=CARTESIAN_POINT('Ctrl Pts',(318.064089943218,-257.879142251636,50.1417994375493));
#960=CARTESIAN_POINT('Ctrl Pts',(330.049702900619,-257.026622634918,61.5487055185138));
#961=CARTESIAN_POINT('Ctrl Pts',(328.818242554271,-257.08182654222,62.0314353998472));
#962=CARTESIAN_POINT('Ctrl Pts',(326.528034968292,-257.188180755003,62.7359498155894));
#963=CARTESIAN_POINT('Ctrl Pts',(323.635212043135,-257.335009566927,62.9715374079605));
#964=CARTESIAN_POINT('Ctrl Pts',(321.342637088139,-257.467947421569,62.2899167536701));
#965=CARTESIAN_POINT('Ctrl Pts',(319.713236429809,-257.585312884636,60.6067303201176));
#966=CARTESIAN_POINT('Ctrl Pts',(318.726833235531,-257.687250478493,57.9696992358904));
#967=CARTESIAN_POINT('Ctrl Pts',(318.29862669025,-257.775932493216,54.4974112034115));
#968=CARTESIAN_POINT('Ctrl Pts',(318.342542647603,-257.827257443234,51.6883330994634));
#969=CARTESIAN_POINT('Ctrl Pts',(318.442602798398,-257.851078247938,50.1662431614626));
#970=CARTESIAN_POINT('',(330.30508474404,-257.210680556581,62.179144835972));
#971=CARTESIAN_POINT('',(330.30508474404,-259.496682539224,61.9177227727837));
#972=CARTESIAN_POINT('Ctrl Pts',(330.305396617784,-257.212594876089,62.1797215192123));
#973=CARTESIAN_POINT('Ctrl Pts',(330.305453808244,-257.239870475996,62.2271753953487));
#974=CARTESIAN_POINT('Ctrl Pts',(330.305511455447,-257.269726200831,62.272928884609));
#975=CARTESIAN_POINT('Ctrl Pts',(330.305561514509,-257.302078856067,62.316678483335));
#976=CARTESIAN_POINT('Ctrl Pts',(330.305609271588,-257.332943763901,62.3584162424964));
#977=CARTESIAN_POINT('Ctrl Pts',(330.305650368457,-257.366081809133,62.3983306686259));
#978=CARTESIAN_POINT('Ctrl Pts',(330.305667242995,-257.401449168714,62.436123535399));
#979=CARTESIAN_POINT('Ctrl Pts',(330.305681223282,-257.430750465317,62.4674343262489));
#980=CARTESIAN_POINT('Ctrl Pts',(330.305678482677,-257.461582512827,62.4972885094396));
#981=CARTESIAN_POINT('Ctrl Pts',(330.305641278371,-257.493932437917,62.5254933154036));
#982=CARTESIAN_POINT('Ctrl Pts',(330.305615666447,-257.516202543363,62.5449098674106));
#983=CARTESIAN_POINT('Ctrl Pts',(330.305573532074,-257.539192355266,62.5635441602221));
#984=CARTESIAN_POINT('Ctrl Pts',(330.305521268472,-257.562861720447,62.5813688512425));
#985=CARTESIAN_POINT('Ctrl Pts',(330.3054257061,-257.606140419358,62.6139607450255));
#986=CARTESIAN_POINT('Ctrl Pts',(330.305298791873,-257.651408541893,62.6436367528147));
#987=CARTESIAN_POINT('Ctrl Pts',(330.305184625724,-257.69836095071,62.6703063083937));
#988=CARTESIAN_POINT('Ctrl Pts',(330.305065315,-257.747429137695,62.69817765244));
#989=CARTESIAN_POINT('Ctrl Pts',(330.304960294861,-257.798338011931,62.7227662147795));
#990=CARTESIAN_POINT('Ctrl Pts',(330.304897176804,-257.850754415737,62.7439142511018));
#991=CARTESIAN_POINT('Ctrl Pts',(330.304839023581,-257.899047771655,62.7633987935527));
#992=CARTESIAN_POINT('Ctrl Pts',(330.30481634557,-257.948621842613,62.779962436966));
#993=CARTESIAN_POINT('Ctrl Pts',(330.304830736709,-257.999212468596,62.7934358727684));
#994=CARTESIAN_POINT('Ctrl Pts',(330.304831965353,-258.00353164604,62.7945861680827));
#995=CARTESIAN_POINT('Ctrl Pts',(330.304833451645,-258.00785822559,62.7957139110446));
#996=CARTESIAN_POINT('Ctrl Pts',(330.304835189429,-258.012192038043,62.7968189803421));
#997=CARTESIAN_POINT('Ctrl Pts',(330.304856100456,-258.064341489817,62.8101164542578));
#998=CARTESIAN_POINT('Ctrl Pts',(330.304917002852,-258.117107628767,62.8200243551416));
#999=CARTESIAN_POINT('Ctrl Pts',(330.305009910574,-258.170168078308,62.8264672444214));
#1000=CARTESIAN_POINT('Ctrl Pts',(330.305100075096,-258.221661861677,62.8327199005468));
#1001=CARTESIAN_POINT('Ctrl Pts',(330.305220427834,-258.27343384927,62.8357091441863));
#1002=CARTESIAN_POINT('Ctrl Pts',(330.305343805058,-258.325192288321,62.835322926872));
#1003=CARTESIAN_POINT('Ctrl Pts',(330.305466690345,-258.376744352794,62.8349382495083));
#1004=CARTESIAN_POINT('Ctrl Pts',(330.305592720455,-258.428283927145,62.8312051800314));
#1005=CARTESIAN_POINT('Ctrl Pts',(330.305673526891,-258.479511196434,62.823967790139));
#1006=CARTESIAN_POINT('Ctrl Pts',(330.305722236444,-258.510390634684,62.8196051423271));
#1007=CARTESIAN_POINT('Ctrl Pts',(330.305753878379,-258.540997407341,62.8139905357969));
#1008=CARTESIAN_POINT('Ctrl Pts',(330.305757038223,-258.571270046328,62.807119869001));
#1009=CARTESIAN_POINT('Ctrl Pts',(330.305762231273,-258.621021643213,62.7958282652224));
#1010=CARTESIAN_POINT('Ctrl Pts',(330.30569175458,-258.669871217022,62.7811469916711));
#1011=CARTESIAN_POINT('Ctrl Pts',(330.305597782084,-258.717621138376,62.7633261788889));
#1012=CARTESIAN_POINT('Ctrl Pts',(330.305500456296,-258.76707495644,62.7448694525093));
#1013=CARTESIAN_POINT('Ctrl Pts',(330.305377809559,-258.815350115421,62.7230447911177));
#1014=CARTESIAN_POINT('Ctrl Pts',(330.305265286153,-258.862216989542,62.698080329355));
#1015=CARTESIAN_POINT('Ctrl Pts',(330.30522438196,-258.879253904378,62.6890053181249));
#1016=CARTESIAN_POINT('Ctrl Pts',(330.305184615257,-258.896104561479,62.6795149623585));
#1017=CARTESIAN_POINT('Ctrl Pts',(330.305147037229,-258.912757257536,62.6696188161639));
#1018=CARTESIAN_POINT('Ctrl Pts',(330.305046239654,-258.957425683648,62.6430738486947));
#1019=CARTESIAN_POINT('Ctrl Pts',(330.304962361432,-259.000329924194,62.6138154558409));
#1020=CARTESIAN_POINT('Ctrl Pts',(330.304913067051,-259.041304401916,62.5821236642039));
#1021=CARTESIAN_POINT('Ctrl Pts',(330.304861299536,-259.084334598751,62.5488418725134));
#1022=CARTESIAN_POINT('Ctrl Pts',(330.30484756783,-259.125237472713,62.512876094833));
#1023=CARTESIAN_POINT('Ctrl Pts',(330.304870603581,-259.163811038501,62.4744961657878));
#1024=CARTESIAN_POINT('Ctrl Pts',(330.304893639333,-259.202384604289,62.4361162367426));
#1025=CARTESIAN_POINT('Ctrl Pts',(330.304953175292,-259.238629755261,62.3953214309486));
#1026=CARTESIAN_POINT('Ctrl Pts',(330.305029860388,-259.272320696352,62.3523368685325));
#1027=CARTESIAN_POINT('Ctrl Pts',(330.305107545227,-259.30645086607,62.3087919165954));
#1028=CARTESIAN_POINT('Ctrl Pts',(330.305202195537,-259.337752552341,62.2632635620784));
#1029=CARTESIAN_POINT('Ctrl Pts',(330.305289337488,-259.366054029659,62.2160250619941));
#1030=CARTESIAN_POINT('Ctrl Pts',(330.305367947055,-259.391584406688,62.1734118547814));
#1031=CARTESIAN_POINT('Ctrl Pts',(330.305440070314,-259.414673602924,62.1294059473282));
#1032=CARTESIAN_POINT('Ctrl Pts',(330.305476819108,-259.435177686939,62.0841782541559));
#1033=CARTESIAN_POINT('Ctrl Pts',(330.305516311357,-259.457212488442,62.0355741204266));
#1034=CARTESIAN_POINT('Ctrl Pts',(330.305514939749,-259.476263352908,61.9855590460619));
#1035=CARTESIAN_POINT('Ctrl Pts',(330.305491261072,-259.492400036955,61.934450153583));
#1036=CARTESIAN_POINT('Ctrl Pts',(330.305488829584,-259.494057061437,61.9292019448521));
#1037=CARTESIAN_POINT('Ctrl Pts',(330.305486154937,-259.495683319018,61.9239421796406));
#1038=CARTESIAN_POINT('Ctrl Pts',(330.305483252212,-259.497278859071,61.918671186885));
#1039=CARTESIAN_POINT('',(330.049702900619,-257.026622634918,61.5487055185138));
#1040=CARTESIAN_POINT('Origin',(330.106630478675,-258.296533741157,61.5487055185138));
#1041=CARTESIAN_POINT('',(318.442602798398,-257.851078247937,50.1662431614625));
#1042=CARTESIAN_POINT('Ctrl Pts',(330.049702900619,-257.026622634918,61.5487055185138));
#1043=CARTESIAN_POINT('Ctrl Pts',(328.818242554271,-257.08182654222,62.0314353998472));
#1044=CARTESIAN_POINT('Ctrl Pts',(326.528034968292,-257.188180755003,62.7359498155894));
#1045=CARTESIAN_POINT('Ctrl Pts',(323.635212043135,-257.335009566927,62.9715374079605));
#1046=CARTESIAN_POINT('Ctrl Pts',(321.342637088139,-257.467947421569,62.2899167536701));
#1047=CARTESIAN_POINT('Ctrl Pts',(319.713236429809,-257.585312884636,60.6067303201176));
#1048=CARTESIAN_POINT('Ctrl Pts',(318.726833235531,-257.687250478493,57.9696992358904));
#1049=CARTESIAN_POINT('Ctrl Pts',(318.29862669025,-257.775932493216,54.4974112034115));
#1050=CARTESIAN_POINT('Ctrl Pts',(318.342542647603,-257.827257443234,51.6883330994634));
#1051=CARTESIAN_POINT('Ctrl Pts',(318.442602798398,-257.851078247938,50.1662431614626));
#1052=CARTESIAN_POINT('Origin',(318.534910734417,-259.11864406764,50.1921488473578));
#1053=CARTESIAN_POINT('Origin',(330.106630478675,-258.296533741157,61.5487055185138));
#1054=CARTESIAN_POINT('Origin',(318.534910734417,-259.11864406764,50.1921488473578));
#1055=CARTESIAN_POINT('Origin',(330.106630478675,-258.296533741157,61.5487055185138));
#1056=CARTESIAN_POINT('',(330.30508474404,-295.26246733394,57.8276277844268));
#1057=CARTESIAN_POINT('Ctrl Pts',(187.617505785837,-261.092850846688,61.4848546254987));
#1058=CARTESIAN_POINT('Ctrl Pts',(189.837257540759,-261.083366487098,62.0583589180712));
#1059=CARTESIAN_POINT('Ctrl Pts',(192.810944625696,-261.022979540288,62.2872751976636));
#1060=CARTESIAN_POINT('Ctrl Pts',(195.940052660552,-260.830672328063,61.071555372355));
#1061=CARTESIAN_POINT('Ctrl Pts',(197.806403357041,-260.625781284694,59.3262003625516));
#1062=CARTESIAN_POINT('Ctrl Pts',(199.206893108599,-260.365128853044,56.8071850061623));
#1063=CARTESIAN_POINT('Ctrl Pts',(200.20502630449,-260.055401235904,53.6096213640037));
#1064=CARTESIAN_POINT('Ctrl Pts',(200.635348553456,-259.81976914575,51.0760919500184));
#1065=CARTESIAN_POINT('Ctrl Pts',(200.795472845372,-259.695054644653,49.714411120117));
#1066=CARTESIAN_POINT('Ctrl Pts',(187.665075998093,-261.092710123628,61.3007315105116));
#1067=CARTESIAN_POINT('Ctrl Pts',(189.86547959451,-261.083308433144,61.8692369324077));
#1068=CARTESIAN_POINT('Ctrl Pts',(192.79844297319,-261.023170104409,62.0884757501782));
#1069=CARTESIAN_POINT('Ctrl Pts',(195.835626273072,-260.836232516389,60.9053048709735));
#1070=CARTESIAN_POINT('Ctrl Pts',(197.650890066922,-260.637234771315,59.2109475650977));
#1071=CARTESIAN_POINT('Ctrl Pts',(199.030362778901,-260.380919412783,56.734548001706));
#1072=CARTESIAN_POINT('Ctrl Pts',(200.020046361603,-260.073987642512,53.5660199537046));
#1073=CARTESIAN_POINT('Ctrl Pts',(200.448509134815,-259.839609428772,51.0461042953037));
#1074=CARTESIAN_POINT('Ctrl Pts',(200.607920254755,-259.715450389224,49.6904882079611));
#1075=CARTESIAN_POINT('Ctrl Pts',(187.759513587743,-261.005143717854,60.9337621270884));
#1076=CARTESIAN_POINT('Ctrl Pts',(189.921022204207,-260.995908214411,61.4922184802485));
#1077=CARTESIAN_POINT('Ctrl Pts',(192.76971737844,-260.936458700213,61.6934044094615));
#1078=CARTESIAN_POINT('Ctrl Pts',(195.621643688722,-260.760359243457,60.5760183181459));
#1079=CARTESIAN_POINT('Ctrl Pts',(197.333346111654,-260.573280909148,58.9847332722571));
#1080=CARTESIAN_POINT('Ctrl Pts',(198.669922745926,-260.325748473134,56.5945314167179));
#1081=CARTESIAN_POINT('Ctrl Pts',(199.642054485152,-260.024489343691,53.4847900873989));
#1082=CARTESIAN_POINT('Ctrl Pts',(200.065912590201,-259.792717487769,50.9929457284283));
#1083=CARTESIAN_POINT('Ctrl Pts',(200.223890043485,-259.669675074684,49.6495213977414));
#1084=CARTESIAN_POINT('Ctrl Pts',(187.911382672073,-260.520703024752,60.3379404730613));
#1085=CARTESIAN_POINT('Ctrl Pts',(190.006092572039,-260.511752932976,60.8791384320948));
#1086=CARTESIAN_POINT('Ctrl Pts',(192.712645222762,-260.453283361699,61.0478148397976));
#1087=CARTESIAN_POINT('Ctrl Pts',(195.246906922695,-260.295750453584,60.0430295215038));
#1088=CARTESIAN_POINT('Ctrl Pts',(196.78167875454,-260.129064999915,58.6281678204677));
#1089=CARTESIAN_POINT('Ctrl Pts',(198.04527923211,-259.896547457279,56.38543524133));
#1090=CARTESIAN_POINT('Ctrl Pts',(198.987875017558,-259.60497447913,53.376206609882));
#1091=CARTESIAN_POINT('Ctrl Pts',(199.404755864382,-259.377586729627,50.931816061781));
#1092=CARTESIAN_POINT('Ctrl Pts',(199.560271120935,-259.25646202455,49.6093300037823));
#1093=CARTESIAN_POINT('Ctrl Pts',(187.965002068713,-259.497914331921,60.1134918556645));
#1094=CARTESIAN_POINT('Ctrl Pts',(190.026587086455,-259.489105773221,60.6461315324012));
#1095=CARTESIAN_POINT('Ctrl Pts',(192.663622063001,-259.431045870668,60.798121263652));
#1096=CARTESIAN_POINT('Ctrl Pts',(195.040543837569,-259.282702293322,59.8490313367743));
#1097=CARTESIAN_POINT('Ctrl Pts',(196.487925628461,-259.126100309692,58.5214331482573));
#1098=CARTESIAN_POINT('Ctrl Pts',(197.715598643198,-258.901002593565,56.3516159732287));
#1099=CARTESIAN_POINT('Ctrl Pts',(198.643776151715,-258.61421181066,53.392062253956));
#1100=CARTESIAN_POINT('Ctrl Pts',(199.057546741506,-258.388963505879,50.9709195414445));
#1101=CARTESIAN_POINT('Ctrl Pts',(199.211841016863,-258.268789774942,49.658816584397));
#1102=CARTESIAN_POINT('Ctrl Pts',(187.764780996505,-258.507459214891,60.8720689919714));
#1103=CARTESIAN_POINT('Ctrl Pts',(189.896774697814,-258.498349820175,61.4228997489362));
#1104=CARTESIAN_POINT('Ctrl Pts',(192.682503538165,-258.439345948413,61.6098152235538));
#1105=CARTESIAN_POINT('Ctrl Pts',(195.394039161383,-258.271453023173,60.5422052331735));
#1106=CARTESIAN_POINT('Ctrl Pts',(197.027507278842,-258.093390094338,59.0289096244514));
#1107=CARTESIAN_POINT('Ctrl Pts',(198.331796239146,-257.852496268418,56.7039022417663));
#1108=CARTESIAN_POINT('Ctrl Pts',(199.290839673736,-257.555520448443,53.638600247616));
#1109=CARTESIAN_POINT('Ctrl Pts',(199.711556863199,-257.325691443554,51.1677704217517));
#1110=CARTESIAN_POINT('Ctrl Pts',(199.86844639846,-257.203496366947,49.8335976362186));
#1111=CARTESIAN_POINT('Ctrl Pts',(187.448640131222,-258.512116997249,62.095771108394));
#1112=CARTESIAN_POINT('Ctrl Pts',(189.708289273575,-258.50246216762,62.6795834558665));
#1113=CARTESIAN_POINT('Ctrl Pts',(192.767577039361,-258.44143468474,62.9275074253856));
#1114=CARTESIAN_POINT('Ctrl Pts',(196.086554571082,-258.238025301586,61.6444305984827));
#1115=CARTESIAN_POINT('Ctrl Pts',(198.058834168366,-258.020932915527,59.7935401853042));
#1116=CARTESIAN_POINT('Ctrl Pts',(199.503099790553,-257.751293648353,57.1862902547166));
#1117=CARTESIAN_POINT('Ctrl Pts',(200.519039512365,-257.435765442721,53.9285706397633));
#1118=CARTESIAN_POINT('Ctrl Pts',(200.953782371398,-257.197489770771,51.3664923924862));
#1119=CARTESIAN_POINT('Ctrl Pts',(201.11537727865,-257.071629865341,49.9923055980784));
#1120=CARTESIAN_POINT('Ctrl Pts',(187.255797890847,-259.498480617907,62.8584801838536));
#1121=CARTESIAN_POINT('Ctrl Pts',(189.604212127012,-259.488446520611,63.4652262500262));
#1122=CARTESIAN_POINT('Ctrl Pts',(192.853041438997,-259.426065215381,63.75596753082));
#1123=CARTESIAN_POINT('Ctrl Pts',(196.59427242178,-259.197971830272,62.3231654739806));
#1124=CARTESIAN_POINT('Ctrl Pts',(198.801900952516,-258.953760732005,60.2376847972735));
#1125=CARTESIAN_POINT('Ctrl Pts',(200.343317028878,-258.664151461575,57.4343267895007));
#1126=CARTESIAN_POINT('Ctrl Pts',(201.398659994055,-258.33573760009,54.042927439654));
#1127=CARTESIAN_POINT('Ctrl Pts',(201.842911254075,-258.091612716742,51.4175981730524));
#1128=CARTESIAN_POINT('Ctrl Pts',(202.007778037424,-257.963204475952,50.015587674285));
#1129=CARTESIAN_POINT('Ctrl Pts',(187.331338124393,-260.729652234073,62.5864618333765));
#1130=CARTESIAN_POINT('Ctrl Pts',(189.662707147559,-260.719690966061,63.1888040274489));
#1131=CARTESIAN_POINT('Ctrl Pts',(192.875150895145,-260.657568736633,63.4713166443249));
#1132=CARTESIAN_POINT('Ctrl Pts',(196.535300394366,-260.434215116885,62.0672640695308));
#1133=CARTESIAN_POINT('Ctrl Pts',(198.697739870885,-260.19521117689,60.026828226834));
#1134=CARTESIAN_POINT('Ctrl Pts',(200.220503580518,-259.909436364263,57.261125586261));
#1135=CARTESIAN_POINT('Ctrl Pts',(201.268282769766,-259.583496637856,53.89539425911));
#1136=CARTESIAN_POINT('Ctrl Pts',(201.710712264766,-259.340494550454,51.2822075104444));
#1137=CARTESIAN_POINT('Ctrl Pts',(201.874950762573,-259.212575656513,49.8855398885544));
#1138=CARTESIAN_POINT('Ctrl Pts',(187.522365361323,-261.093132292809,61.8531008554729));
#1139=CARTESIAN_POINT('Ctrl Pts',(189.780527065938,-261.083483818572,62.4365289023469));
#1140=CARTESIAN_POINT('Ctrl Pts',(192.836498422944,-261.022490056409,62.6838171909011));
#1141=CARTESIAN_POINT('Ctrl Pts',(196.148373181851,-260.819496857275,61.4032699003439));
#1142=CARTESIAN_POINT('Ctrl Pts',(198.116658654192,-260.602863120613,59.556342814092));
#1143=CARTESIAN_POINT('Ctrl Pts',(199.559258602016,-260.333562241384,56.9524099240196));
#1144=CARTESIAN_POINT('Ctrl Pts',(200.574505010253,-260.018253010437,53.6969547483643));
#1145=CARTESIAN_POINT('Ctrl Pts',(201.00903794622,-259.780080358456,51.1359774966898));
#1146=CARTESIAN_POINT('Ctrl Pts',(201.170578026605,-259.654263155511,49.7622569444287));
#1147=CARTESIAN_POINT('Ctrl Pts',(187.617505785837,-261.092850846688,61.4848546254987));
#1148=CARTESIAN_POINT('Ctrl Pts',(189.837257540759,-261.083366487098,62.0583589180712));
#1149=CARTESIAN_POINT('Ctrl Pts',(192.810944625696,-261.022979540288,62.2872751976636));
#1150=CARTESIAN_POINT('Ctrl Pts',(195.940052660552,-260.830672328063,61.071555372355));
#1151=CARTESIAN_POINT('Ctrl Pts',(197.806403357041,-260.625781284694,59.3262003625516));
#1152=CARTESIAN_POINT('Ctrl Pts',(199.206893108599,-260.365128853044,56.8071850061623));
#1153=CARTESIAN_POINT('Ctrl Pts',(200.20502630449,-260.055401235904,53.6096213640037));
#1154=CARTESIAN_POINT('Ctrl Pts',(200.635348553456,-259.81976914575,51.0760919500184));
#1155=CARTESIAN_POINT('Ctrl Pts',(200.795472845372,-259.695054644653,49.714411120117));
#1156=CARTESIAN_POINT('',(200.760898710354,-259.721238207074,49.9999999999995));
#1157=CARTESIAN_POINT('Ctrl Pts',(200.760906233802,-259.721239120751,50.0000126430735));
#1158=CARTESIAN_POINT('Ctrl Pts',(200.708125340378,-259.727497065982,50.0000111188625));
#1159=CARTESIAN_POINT('Ctrl Pts',(200.655019489858,-259.730416507856,50.0000231035868));
#1160=CARTESIAN_POINT('Ctrl Pts',(200.601861793847,-259.7300398161,50.0000358809375));
#1161=CARTESIAN_POINT('Ctrl Pts',(200.563030206146,-259.729764643545,50.000045214766));
#1162=CARTESIAN_POINT('Ctrl Pts',(200.524170794593,-259.727729460696,50.0000550805442));
#1163=CARTESIAN_POINT('Ctrl Pts',(200.485393106363,-259.723933629733,50.0000628934624));
#1164=CARTESIAN_POINT('Ctrl Pts',(200.432107575727,-259.718717669826,50.0000736294168));
#1165=CARTESIAN_POINT('Ctrl Pts',(200.379301721913,-259.710211118355,50.0000801739093));
#1166=CARTESIAN_POINT('Ctrl Pts',(200.327254718861,-259.698488196915,50.0000782552713));
#1167=CARTESIAN_POINT('Ctrl Pts',(200.282507561299,-259.688409472262,50.0000766057315));
#1168=CARTESIAN_POINT('Ctrl Pts',(200.238320850185,-259.675952399494,50.000068746466));
#1169=CARTESIAN_POINT('Ctrl Pts',(200.19487683742,-259.66113397571,50.0000557634206));
#1170=CARTESIAN_POINT('Ctrl Pts',(200.144847960859,-259.644069504749,50.0000408125187));
#1171=CARTESIAN_POINT('Ctrl Pts',(200.095802670727,-259.623874134268,50.0000188451372));
#1172=CARTESIAN_POINT('Ctrl Pts',(200.048071686151,-259.600652899821,49.9999918993285));
#1173=CARTESIAN_POINT('Ctrl Pts',(200.035644466621,-259.594607028763,49.9999848837288));
#1174=CARTESIAN_POINT('Ctrl Pts',(200.023306500534,-259.588355826589,49.9999775732975));
#1175=CARTESIAN_POINT('Ctrl Pts',(200.01106400232,-259.581900705841,49.9999700968507));
#1176=CARTESIAN_POINT('Ctrl Pts',(199.963769669729,-259.556963750799,49.9999412143828));
#1177=CARTESIAN_POINT('Ctrl Pts',(199.918200965423,-259.529146501729,49.9999081240264));
#1178=CARTESIAN_POINT('Ctrl Pts',(199.874667632109,-259.498613275605,49.9998820049502));
#1179=CARTESIAN_POINT('Ctrl Pts',(199.831747532954,-259.468510157075,49.9998562538015));
#1180=CARTESIAN_POINT('Ctrl Pts',(199.790804898638,-259.435766451605,49.9998372277841));
#1181=CARTESIAN_POINT('Ctrl Pts',(199.7521623345,-259.400497454687,49.9998422966716));
#1182=CARTESIAN_POINT('Ctrl Pts',(199.738672544236,-259.388185348027,49.9998440661771));
#1183=CARTESIAN_POINT('Ctrl Pts',(199.725463351279,-259.375565157148,49.9998488356078));
#1184=CARTESIAN_POINT('Ctrl Pts',(199.712549566935,-259.36264074824,49.9998575566903));
#1185=CARTESIAN_POINT('Ctrl Pts',(199.684280368238,-259.334348291609,49.9998766477645));
#1186=CARTESIAN_POINT('Ctrl Pts',(199.657425844568,-259.304598486999,49.9999145379159));
#1187=CARTESIAN_POINT('Ctrl Pts',(199.632033915971,-259.273512730721,49.9999598633175));
#1188=CARTESIAN_POINT('Ctrl Pts',(199.598825452335,-259.232857677562,50.0000191414831));
#1189=CARTESIAN_POINT('Ctrl Pts',(199.56833269,-259.190182900603,50.0000897816155));
#1190=CARTESIAN_POINT('Ctrl Pts',(199.54059520082,-259.145814718386,50.0001550416872));
#1191=CARTESIAN_POINT('Ctrl Pts',(199.511294799657,-259.098946541911,50.0002239789391));
#1192=CARTESIAN_POINT('Ctrl Pts',(199.485068108167,-259.050187899034,50.0002869058577));
#1193=CARTESIAN_POINT('Ctrl Pts',(199.462009017365,-258.999884982187,50.0003318139568));
#1194=CARTESIAN_POINT('Ctrl Pts',(199.438949926563,-258.949582065339,50.0003767220558));
#1195=CARTESIAN_POINT('Ctrl Pts',(199.419057976063,-258.897733606148,50.0004036759674));
#1196=CARTESIAN_POINT('Ctrl Pts',(199.402482118246,-258.844665150432,50.0004076357975));
#1197=CARTESIAN_POINT('Ctrl Pts',(199.386438467574,-258.793300583083,50.0004114684879));
#1198=CARTESIAN_POINT('Ctrl Pts',(199.3736065369,-258.741128847119,50.0003942072655));
#1199=CARTESIAN_POINT('Ctrl Pts',(199.364047420787,-258.688467242161,50.000362707032));
#1200=CARTESIAN_POINT('Ctrl Pts',(199.354206683072,-258.634254171002,50.0003302787685));
#1201=CARTESIAN_POINT('Ctrl Pts',(199.347833797792,-258.579520827879,50.000282785691));
#1202=CARTESIAN_POINT('Ctrl Pts',(199.345049335154,-258.524594867228,50.0002343823252));
#1203=CARTESIAN_POINT('Ctrl Pts',(199.342416470295,-258.472659305352,50.0001886142409));
#1204=CARTESIAN_POINT('Ctrl Pts',(199.342992044582,-258.420550503009,50.0001421267306));
#1205=CARTESIAN_POINT('Ctrl Pts',(199.346928042584,-258.368544989174,50.0001117474212));
#1206=CARTESIAN_POINT('Ctrl Pts',(199.347154673493,-258.365550562634,50.0001099982103));
#1207=CARTESIAN_POINT('Ctrl Pts',(199.347392459626,-258.362556480794,50.0001083035936));
#1208=CARTESIAN_POINT('Ctrl Pts',(199.34764143529,-258.359562797442,50.0001066672115));
#1209=CARTESIAN_POINT('Ctrl Pts',(199.348787841742,-258.345778406409,50.0000991325035));
#1210=CARTESIAN_POINT('Ctrl Pts',(199.350169631559,-258.332024370879,50.0000929328884));
#1211=CARTESIAN_POINT('Ctrl Pts',(199.351788034191,-258.318305785376,50.00008845735));
#1212=CARTESIAN_POINT('Ctrl Pts',(199.357881100497,-258.266657172463,50.0000716075552));
#1213=CARTESIAN_POINT('Ctrl Pts',(199.36732369487,-258.215511157534,50.000078671555));
#1214=CARTESIAN_POINT('Ctrl Pts',(199.379881527221,-258.1651109073,50.0000949418144));
#1215=CARTESIAN_POINT('Ctrl Pts',(199.392841519433,-258.113096607994,50.0001117331226));
#1216=CARTESIAN_POINT('Ctrl Pts',(199.409119774221,-258.061875625582,50.0001384428208));
#1217=CARTESIAN_POINT('Ctrl Pts',(199.428514069415,-258.011721506175,50.0001650259614));
#1218=CARTESIAN_POINT('Ctrl Pts',(199.445222372436,-257.968513427903,50.0001879274983));
#1219=CARTESIAN_POINT('Ctrl Pts',(199.464244485684,-257.92609689791,50.0002108900576));
#1220=CARTESIAN_POINT('Ctrl Pts',(199.485479479304,-257.884659015323,50.0002299127993));
#1221=CARTESIAN_POINT('Ctrl Pts',(199.510191693928,-257.836435697416,50.0002520505068));
#1222=CARTESIAN_POINT('Ctrl Pts',(199.537755702941,-257.789818220182,50.0002698407738));
#1223=CARTESIAN_POINT('Ctrl Pts',(199.567954273489,-257.745071726012,50.0002792397107));
#1224=CARTESIAN_POINT('Ctrl Pts',(199.598260619149,-257.700165536916,50.0002886721912));
#1225=CARTESIAN_POINT('Ctrl Pts',(199.631220953573,-257.657142707764,50.0002898091009));
#1226=CARTESIAN_POINT('Ctrl Pts',(199.666662384313,-257.616294154116,50.000283050831));
#1227=CARTESIAN_POINT('Ctrl Pts',(199.701342632558,-257.576322912793,50.0002764377098));
#1228=CARTESIAN_POINT('Ctrl Pts',(199.738399222323,-257.538432748019,50.0002624185271));
#1229=CARTESIAN_POINT('Ctrl Pts',(199.777705171743,-257.502931308107,50.0002433503607));
#1230=CARTESIAN_POINT('Ctrl Pts',(199.782992081487,-257.498156130014,50.0002407855664));
#1231=CARTESIAN_POINT('Ctrl Pts',(199.78831973099,-257.49342423227,50.0002381304436));
#1232=CARTESIAN_POINT('Ctrl Pts',(199.793687850942,-257.488736425591,50.0002353912377));
#1233=CARTESIAN_POINT('Ctrl Pts',(199.834205784313,-257.453353416189,50.0002147160359));
#1234=CARTESIAN_POINT('Ctrl Pts',(199.876798581122,-257.42067826471,50.0001900386028));
#1235=CARTESIAN_POINT('Ctrl Pts',(199.921298356637,-257.390991358992,50.0001615261611));
#1236=CARTESIAN_POINT('Ctrl Pts',(199.929659581353,-257.385413378272,50.0001561688546));
#1237=CARTESIAN_POINT('Ctrl Pts',(199.938088234639,-257.379940998889,50.0001506830051));
#1238=CARTESIAN_POINT('Ctrl Pts',(199.946583341903,-257.374576235228,50.0001450775952));
#1239=CARTESIAN_POINT('Ctrl Pts',(199.991845015987,-257.345992937006,50.0001152121409));
#1240=CARTESIAN_POINT('Ctrl Pts',(200.038991050794,-257.320460653498,50.0000819136871));
#1241=CARTESIAN_POINT('Ctrl Pts',(200.087681967147,-257.297983714972,50.0000517246657));
#1242=CARTESIAN_POINT('Ctrl Pts',(200.134047672356,-257.276580151766,50.0000229773065));
#1243=CARTESIAN_POINT('Ctrl Pts',(200.181815293537,-257.257947326899,49.999997169738));
#1244=CARTESIAN_POINT('Ctrl Pts',(200.230705442624,-257.242130664319,49.9999792784003));
#1245=CARTESIAN_POINT('Ctrl Pts',(200.281860680587,-257.225581213087,49.999960558154));
#1246=CARTESIAN_POINT('Ctrl Pts',(200.333948735672,-257.212209992938,49.9999507635014));
#1247=CARTESIAN_POINT('Ctrl Pts',(200.386629354316,-257.202008054857,49.9999505485693));
#1248=CARTESIAN_POINT('Ctrl Pts',(200.43965112245,-257.191740050999,49.9999503322453));
#1249=CARTESIAN_POINT('Ctrl Pts',(200.493274296117,-257.184682354619,49.999959979996));
#1250=CARTESIAN_POINT('Ctrl Pts',(200.547165053987,-257.180876726076,49.9999785310032));
#1251=CARTESIAN_POINT('Ctrl Pts',(200.600067132435,-257.177140915565,49.9999967416738));
#1252=CARTESIAN_POINT('Ctrl Pts',(200.653228151288,-257.17653896929,50.0000236720605));
#1253=CARTESIAN_POINT('Ctrl Pts',(200.706328348809,-257.179159890894,50.0000546425452));
#1254=CARTESIAN_POINT('Ctrl Pts',(200.713817315917,-257.179529531622,50.0000590104563));
#1255=CARTESIAN_POINT('Ctrl Pts',(200.721305051276,-257.179963359249,50.0000634504966));
#1256=CARTESIAN_POINT('Ctrl Pts',(200.728790632274,-257.180461704362,50.0000679408763));
#1257=CARTESIAN_POINT('Ctrl Pts',(200.78419167462,-257.18414997368,50.000101174331));
#1258=CARTESIAN_POINT('Ctrl Pts',(200.839124904844,-257.191344135853,50.0001372228246));
#1259=CARTESIAN_POINT('Ctrl Pts',(200.893230322917,-257.202078186913,50.0001630586892));
#1260=CARTESIAN_POINT('Ctrl Pts',(200.944555582804,-257.212260678426,50.0001875670011));
#1261=CARTESIAN_POINT('Ctrl Pts',(200.995136956303,-257.225628965896,50.0002029945124));
#1262=CARTESIAN_POINT('Ctrl Pts',(201.044658502136,-257.242261547171,50.0001931236614));
#1263=CARTESIAN_POINT('Ctrl Pts',(201.04734095774,-257.2431624916,50.0001925889826));
#1264=CARTESIAN_POINT('Ctrl Pts',(201.050020299321,-257.244073025797,50.0001919785419));
#1265=CARTESIAN_POINT('Ctrl Pts',(201.052696475011,-257.244993166364,50.0001912892131));
#1266=CARTESIAN_POINT('Ctrl Pts',(201.104936509861,-257.262954683424,50.0001778332364));
#1267=CARTESIAN_POINT('Ctrl Pts',(201.155973049686,-257.284572620228,50.000135023316));
#1268=CARTESIAN_POINT('Ctrl Pts',(201.205542497616,-257.309612826022,50.0000868628208));
#1269=CARTESIAN_POINT('Ctrl Pts',(201.252787911979,-257.333479036922,50.0000409603012));
#1270=CARTESIAN_POINT('Ctrl Pts',(201.298399326347,-257.360301827789,49.9999901812202));
#1271=CARTESIAN_POINT('Ctrl Pts',(201.342181124369,-257.389809062885,49.99994943994));
#1272=CARTESIAN_POINT('Ctrl Pts',(201.388283168168,-257.420880053714,49.9999065395482));
#1273=CARTESIAN_POINT('Ctrl Pts',(201.4323576966,-257.454928044715,49.9998748782197));
#1274=CARTESIAN_POINT('Ctrl Pts',(201.47414685375,-257.491687965824,49.9998628059946));
#1275=CARTESIAN_POINT('Ctrl Pts',(201.5159360109,-257.528447886933,49.9998507337695));
#1276=CARTESIAN_POINT('Ctrl Pts',(201.555440814302,-257.567920712485,49.9998582950273));
#1277=CARTESIAN_POINT('Ctrl Pts',(201.592358392631,-257.609880809054,49.9998839523687));
#1278=CARTESIAN_POINT('Ctrl Pts',(201.627692250882,-257.650040867528,49.9999085090407));
#1279=CARTESIAN_POINT('Ctrl Pts',(201.660474021514,-257.692273194401,49.9999498551103));
#1280=CARTESIAN_POINT('Ctrl Pts',(201.690472673812,-257.736345586412,49.9999998671878));
#1281=CARTESIAN_POINT('Ctrl Pts',(201.712560314952,-257.768795550139,50.0000366904694));
#1282=CARTESIAN_POINT('Ctrl Pts',(201.733138572248,-257.80224392408,50.0000780365009));
#1283=CARTESIAN_POINT('Ctrl Pts',(201.752100349363,-257.83660788241,50.0001175402519));
#1284=CARTESIAN_POINT('Ctrl Pts',(201.777659904454,-257.882928830111,50.0001707893907));
#1285=CARTESIAN_POINT('Ctrl Pts',(201.800189637885,-257.930741615127,50.0002207640313));
#1286=CARTESIAN_POINT('Ctrl Pts',(201.819453955021,-257.979830070879,50.0002465895375));
#1287=CARTESIAN_POINT('Ctrl Pts',(201.825159156784,-257.994367806231,50.0002542378607));
#1288=CARTESIAN_POINT('Ctrl Pts',(201.83057766232,-258.009017592574,50.0002597077893));
#1289=CARTESIAN_POINT('Ctrl Pts',(201.835702558365,-258.023774186113,50.0002623031052));
#1290=CARTESIAN_POINT('Ctrl Pts',(201.843567927549,-258.046421680827,50.0002662862334));
#1291=CARTESIAN_POINT('Ctrl Pts',(201.850741826297,-258.069320733301,50.0002635146702));
#1292=CARTESIAN_POINT('Ctrl Pts',(201.857229910203,-258.092441182044,50.0002560569705));
#1293=CARTESIAN_POINT('Ctrl Pts',(201.871266875236,-258.14246225687,50.0002399222424));
#1294=CARTESIAN_POINT('Ctrl Pts',(201.882028889038,-258.193274775855,50.0002016354715));
#1295=CARTESIAN_POINT('Ctrl Pts',(201.889631214504,-258.244559847099,50.0001601267064));
#1296=CARTESIAN_POINT('Ctrl Pts',(201.897409745523,-258.297033595994,50.0001176558573));
#1297=CARTESIAN_POINT('Ctrl Pts',(201.901880471196,-258.350003077364,50.0000717214181));
#1298=CARTESIAN_POINT('Ctrl Pts',(201.90311548821,-258.403143627346,50.000033825757));
#1299=CARTESIAN_POINT('Ctrl Pts',(201.904362046358,-258.456780771467,49.999995575964));
#1300=CARTESIAN_POINT('Ctrl Pts',(201.902312098943,-258.510593342293,49.9999654034645));
#1301=CARTESIAN_POINT('Ctrl Pts',(201.896988142123,-258.564247971316,49.9999478741098));
#1302=CARTESIAN_POINT('Ctrl Pts',(201.896446021365,-258.569711443155,49.9999460891541));
#1303=CARTESIAN_POINT('Ctrl Pts',(201.895869909986,-258.575173268913,49.999944429995));
#1304=CARTESIAN_POINT('Ctrl Pts',(201.895259802263,-258.580633089497,49.9999428979937));
#1305=CARTESIAN_POINT('Ctrl Pts',(201.889261136135,-258.634314823981,49.9999278351386));
#1306=CARTESIAN_POINT('Ctrl Pts',(201.880017239385,-258.687472031964,49.9999257592643));
#1307=CARTESIAN_POINT('Ctrl Pts',(201.867614055853,-258.739778015965,49.9999371429136));
#1308=CARTESIAN_POINT('Ctrl Pts',(201.854644388392,-258.79447294303,49.9999490464822));
#1309=CARTESIAN_POINT('Ctrl Pts',(201.838220515319,-258.848238495204,49.9999755699681));
#1310=CARTESIAN_POINT('Ctrl Pts',(201.818380916882,-258.90069651244,50.0000098689315));
#1311=CARTESIAN_POINT('Ctrl Pts',(201.799848116033,-258.949699217283,50.0000419086858));
#1312=CARTESIAN_POINT('Ctrl Pts',(201.778334084649,-258.997561863722,50.0000805631526));
#1313=CARTESIAN_POINT('Ctrl Pts',(201.753823949929,-259.04395605008,50.0001160997611));
#1314=CARTESIAN_POINT('Ctrl Pts',(201.752095674469,-259.047227428825,50.0001186055429));
#1315=CARTESIAN_POINT('Ctrl Pts',(201.750352484233,-259.050491494366,50.0001210945847));
#1316=CARTESIAN_POINT('Ctrl Pts',(201.748594365828,-259.05374812576,50.0001235629482));
#1317=CARTESIAN_POINT('Ctrl Pts',(201.735294396318,-259.07838417878,50.0001422358431));
#1318=CARTESIAN_POINT('Ctrl Pts',(201.721180846161,-259.102519986808,50.0001597556841));
#1319=CARTESIAN_POINT('Ctrl Pts',(201.706261197814,-259.126110734931,50.0001743442291));
#1320=CARTESIAN_POINT('Ctrl Pts',(201.678234596665,-259.170426021259,50.0002017488517));
#1321=CARTESIAN_POINT('Ctrl Pts',(201.647366379925,-259.212819682414,50.0002189423384));
#1322=CARTESIAN_POINT('Ctrl Pts',(201.613962783862,-259.253172181468,50.0002291537374));
#1323=CARTESIAN_POINT('Ctrl Pts',(201.579676274964,-259.294591264468,50.0002396350408));
#1324=CARTESIAN_POINT('Ctrl Pts',(201.542717844924,-259.333860571767,50.0002425943675));
#1325=CARTESIAN_POINT('Ctrl Pts',(201.503374697651,-259.370818243662,50.0002400484748));
#1326=CARTESIAN_POINT('Ctrl Pts',(201.479076759347,-259.393642935987,50.0002384761567));
#1327=CARTESIAN_POINT('Ctrl Pts',(201.453868428759,-259.415585248781,50.0002347848111));
#1328=CARTESIAN_POINT('Ctrl Pts',(201.427811274384,-259.436599238792,50.0002296132151));
#1329=CARTESIAN_POINT('Ctrl Pts',(201.385650729451,-259.470599930398,50.0002212455591));
#1330=CARTESIAN_POINT('Ctrl Pts',(201.341510300315,-259.501978529684,50.0002092419545));
#1331=CARTESIAN_POINT('Ctrl Pts',(201.295694966859,-259.530594509756,50.0001937240669));
#1332=CARTESIAN_POINT('Ctrl Pts',(201.249731131064,-259.559303243491,50.0001781558807));
#1333=CARTESIAN_POINT('Ctrl Pts',(201.202080557955,-259.585232034634,50.0001588749792));
#1334=CARTESIAN_POINT('Ctrl Pts',(201.153019272253,-259.608197749638,50.0001373240608));
#1335=CARTESIAN_POINT('Ctrl Pts',(201.10500354442,-259.630674036293,50.0001162324196));
#1336=CARTESIAN_POINT('Ctrl Pts',(201.055635638926,-259.650312605777,50.0000928152002));
#1337=CARTESIAN_POINT('Ctrl Pts',(201.005158035831,-259.666895063097,50.0000720849658));
#1338=CARTESIAN_POINT('Ctrl Pts',(200.997850739252,-259.669295591771,50.0000690839918));
#1339=CARTESIAN_POINT('Ctrl Pts',(200.990520173161,-259.67163198769,50.0000661479699));
#1340=CARTESIAN_POINT('Ctrl Pts',(200.983167062131,-259.673903496841,50.0000633015342));
#1341=CARTESIAN_POINT('Ctrl Pts',(200.93176726213,-259.689781825831,50.0000434043473));
#1342=CARTESIAN_POINT('Ctrl Pts',(200.879562106613,-259.702402311792,50.0000261720129));
#1343=CARTESIAN_POINT('Ctrl Pts',(200.826820448572,-259.711590654473,50.0000177658294));
#1344=CARTESIAN_POINT('Ctrl Pts',(200.804935480148,-259.715403325461,50.0000142777127));
#1345=CARTESIAN_POINT('Ctrl Pts',(200.782957911114,-259.718624482735,50.0000123506549));
#1346=CARTESIAN_POINT('Ctrl Pts',(200.760906233803,-259.721239120751,50.0000126430734));
#1347=CARTESIAN_POINT('',(187.932203391239,-261.091284174338,61.5636492267664));
#1348=CARTESIAN_POINT('Ctrl Pts',(187.932249528402,-261.091290106429,61.5637304817));
#1349=CARTESIAN_POINT('Ctrl Pts',(190.024986196043,-261.079457397495,62.0717146236224));
#1350=CARTESIAN_POINT('Ctrl Pts',(191.900658996392,-261.039425773365,62.1941350766008));
#1351=CARTESIAN_POINT('Ctrl Pts',(193.52357096121,-260.96558679697,61.8566001137171));
#1352=CARTESIAN_POINT('Ctrl Pts',(194.375498643124,-260.926825934175,61.6794152850093));
#1353=CARTESIAN_POINT('Ctrl Pts',(195.157775651838,-260.878749131119,61.3754853286822));
#1354=CARTESIAN_POINT('Ctrl Pts',(195.85997260561,-260.820562222363,60.9326278488847));
#1355=CARTESIAN_POINT('Ctrl Pts',(196.562169559382,-260.762375313607,60.4897703690872));
#1356=CARTESIAN_POINT('Ctrl Pts',(197.184286458211,-260.69407829915,59.9079853658194));
#1357=CARTESIAN_POINT('Ctrl Pts',(197.728759866219,-260.616487719981,59.1972569714539));
#1358=CARTESIAN_POINT('Ctrl Pts',(198.273233274227,-260.538897140811,58.4865285770885));
#1359=CARTESIAN_POINT('Ctrl Pts',(198.740063191413,-260.452012996927,57.6468567916254));
#1360=CARTESIAN_POINT('Ctrl Pts',(199.139833682654,-260.356949655462,56.6940936252007));
#1361=CARTESIAN_POINT('Ctrl Pts',(199.539604173896,-260.261886313997,55.7413304587761));
#1362=CARTESIAN_POINT('Ctrl Pts',(199.872315239193,-260.158643774951,54.6754759113899));
#1363=CARTESIAN_POINT('Ctrl Pts',(200.146251334083,-260.048114482889,53.5091662842004));
#1364=CARTESIAN_POINT('Ctrl Pts',(200.400941084617,-259.945350815205,52.4247998442345));
#1365=CARTESIAN_POINT('Ctrl Pts',(200.604824621,-259.836288338154,51.2535981024096));
#1366=CARTESIAN_POINT('Ctrl Pts',(200.7609062338,-259.721239120752,50.0000126430903));
#1367=CARTESIAN_POINT('Ctrl Pts',(187.932249528365,-261.09129010643,61.5637304816911));
#1368=CARTESIAN_POINT('Ctrl Pts',(187.932254727932,-261.091255562327,61.6177147848839));
#1369=CARTESIAN_POINT('Ctrl Pts',(187.932265157964,-261.087762153115,61.6715882768454));
#1370=CARTESIAN_POINT('Ctrl Pts',(187.932276380713,-261.080988993549,61.7250749651849));
#1371=CARTESIAN_POINT('Ctrl Pts',(187.932287801194,-261.074096498243,61.7795040310767));
#1372=CARTESIAN_POINT('Ctrl Pts',(187.932299804648,-261.063807338933,61.8335335567957));
#1373=CARTESIAN_POINT('Ctrl Pts',(187.932306076227,-261.050257691038,61.8868631682107));
#1374=CARTESIAN_POINT('Ctrl Pts',(187.93230949704,-261.042867079863,61.9159516305174));
#1375=CARTESIAN_POINT('Ctrl Pts',(187.932311205266,-261.034505553158,61.9448316051657));
#1376=CARTESIAN_POINT('Ctrl Pts',(187.932310372382,-261.025189329125,61.9734514940924));
#1377=CARTESIAN_POINT('Ctrl Pts',(187.932308856991,-261.008238924208,62.0255239543812));
#1378=CARTESIAN_POINT('Ctrl Pts',(187.932299054968,-260.988222749494,62.0764548786826));
#1379=CARTESIAN_POINT('Ctrl Pts',(187.932281596202,-260.965300442193,62.125956956203));
#1380=CARTESIAN_POINT('Ctrl Pts',(187.932264227262,-260.942496071256,62.1752043431748));
#1381=CARTESIAN_POINT('Ctrl Pts',(187.932239026857,-260.916814868912,62.2230385241702));
#1382=CARTESIAN_POINT('Ctrl Pts',(187.932209569989,-260.888368420259,62.2691536165298));
#1383=CARTESIAN_POINT('Ctrl Pts',(187.932181010122,-260.860788203805,62.313864442988));
#1384=CARTESIAN_POINT('Ctrl Pts',(187.9321482456,-260.830607993299,62.3569600208144));
#1385=CARTESIAN_POINT('Ctrl Pts',(187.932120618461,-260.797894960707,62.3981276110062));
#1386=CARTESIAN_POINT('Ctrl Pts',(187.932114791209,-260.790994967348,62.4068108811419));
#1387=CARTESIAN_POINT('Ctrl Pts',(187.932109220813,-260.783982182282,62.415408230515));
#1388=CARTESIAN_POINT('Ctrl Pts',(187.932104044042,-260.776857068479,62.4239164760419));
#1389=CARTESIAN_POINT('Ctrl Pts',(187.932079557066,-260.743154112693,62.4641618715182));
#1390=CARTESIAN_POINT('Ctrl Pts',(187.932063321099,-260.707092086521,62.5022354884287));
#1391=CARTESIAN_POINT('Ctrl Pts',(187.932071624088,-260.668762527234,62.5378374633727));
#1392=CARTESIAN_POINT('Ctrl Pts',(187.932075592671,-260.650442133487,62.5548541526132));
#1393=CARTESIAN_POINT('Ctrl Pts',(187.932085285753,-260.631603219583,62.5713056465454));
#1394=CARTESIAN_POINT('Ctrl Pts',(187.932103253978,-260.612253303325,62.5871558125902));
#1395=CARTESIAN_POINT('Ctrl Pts',(187.932115748695,-260.598797787572,62.598177677287));
#1396=CARTESIAN_POINT('Ctrl Pts',(187.9321322568,-260.585095135144,62.6089087113169));
#1397=CARTESIAN_POINT('Ctrl Pts',(187.932151649188,-260.571155694117,62.6193456857488));
#1398=CARTESIAN_POINT('Ctrl Pts',(187.932211215844,-260.528338590759,62.6514044327349));
#1399=CARTESIAN_POINT('Ctrl Pts',(187.932296967252,-260.483447361818,62.6805738761665));
#1400=CARTESIAN_POINT('Ctrl Pts',(187.932379403721,-260.43680938264,62.7067943907157));
#1401=CARTESIAN_POINT('Ctrl Pts',(187.932442440634,-260.401146595716,62.7268445009458));
#1402=CARTESIAN_POINT('Ctrl Pts',(187.932503774719,-260.364461604806,62.7451694717802));
#1403=CARTESIAN_POINT('Ctrl Pts',(187.932555428078,-260.326893185655,62.7617243124701));
#1404=CARTESIAN_POINT('Ctrl Pts',(187.932622866629,-260.277843911982,62.7833382885165));
#1405=CARTESIAN_POINT('Ctrl Pts',(187.932674875413,-260.227557889904,62.8018188606852));
#1406=CARTESIAN_POINT('Ctrl Pts',(187.932698226356,-260.176370539111,62.8171243237952));
#1407=CARTESIAN_POINT('Ctrl Pts',(187.93272213472,-260.123961271012,62.8327951508079));
#1408=CARTESIAN_POINT('Ctrl Pts',(187.932715865553,-260.070605979514,62.8451379358816));
#1409=CARTESIAN_POINT('Ctrl Pts',(187.932680573087,-260.016647191399,62.8540569852282));
#1410=CARTESIAN_POINT('Ctrl Pts',(187.93264528062,-259.962688403284,62.8629760345748));
#1411=CARTESIAN_POINT('Ctrl Pts',(187.932580866947,-259.908124855434,62.8684716613697));
#1412=CARTESIAN_POINT('Ctrl Pts',(187.93250532852,-259.853300137073,62.870392251206));
#1413=CARTESIAN_POINT('Ctrl Pts',(187.932431454991,-259.799683778735,62.8722705104286));
#1414=CARTESIAN_POINT('Ctrl Pts',(187.932347388782,-259.746199287109,62.8707155868097));
#1415=CARTESIAN_POINT('Ctrl Pts',(187.932274394344,-259.693170475534,62.8656768853817));
#1416=CARTESIAN_POINT('Ctrl Pts',(187.932201399907,-259.640141663959,62.8606381839536));
#1417=CARTESIAN_POINT('Ctrl Pts',(187.932139412205,-259.587567402246,62.8521159306059));
#1418=CARTESIAN_POINT('Ctrl Pts',(187.932125293252,-259.535770157111,62.8400090235294));
#1419=CARTESIAN_POINT('Ctrl Pts',(187.932110979252,-259.483257359986,62.8277348658312));
#1420=CARTESIAN_POINT('Ctrl Pts',(187.932145974859,-259.431542151813,62.8117760158341));
#1421=CARTESIAN_POINT('Ctrl Pts',(187.932198979217,-259.380883253722,62.792350071351));
#1422=CARTESIAN_POINT('Ctrl Pts',(187.932249774407,-259.332335767464,62.7737337806625));
#1423=CARTESIAN_POINT('Ctrl Pts',(187.932316301784,-259.285084876113,62.7520586901458));
#1424=CARTESIAN_POINT('Ctrl Pts',(187.932375046891,-259.239327830628,62.7275926239692));
#1425=CARTESIAN_POINT('Ctrl Pts',(187.932437664943,-259.190554116914,62.7015135601929));
#1426=CARTESIAN_POINT('Ctrl Pts',(187.932491497922,-259.143476605524,62.6722631982921));
#1427=CARTESIAN_POINT('Ctrl Pts',(187.932523583186,-259.098349576395,62.6401067448701));
#1428=CARTESIAN_POINT('Ctrl Pts',(187.93255566845,-259.053222547265,62.6079502914481));
#1429=CARTESIAN_POINT('Ctrl Pts',(187.932566224651,-259.010044953022,62.572886919683));
#1430=CARTESIAN_POINT('Ctrl Pts',(187.932554944881,-258.96910231949,62.5351332809729));
#1431=CARTESIAN_POINT('Ctrl Pts',(187.932543969542,-258.92926468812,62.4983985765331));
#1432=CARTESIAN_POINT('Ctrl Pts',(187.932511501759,-258.891797468455,62.4593507477738));
#1433=CARTESIAN_POINT('Ctrl Pts',(187.93246391319,-258.856911451305,62.418241516545));
#1434=CARTESIAN_POINT('Ctrl Pts',(187.932414069043,-258.820371924606,62.3751838110562));
#1435=CARTESIAN_POINT('Ctrl Pts',(187.93234777684,-258.786662810123,62.3298641678652));
#1436=CARTESIAN_POINT('Ctrl Pts',(187.93228274762,-258.756060701698,62.2825230756428));
#1437=CARTESIAN_POINT('Ctrl Pts',(187.932221674761,-258.727320417546,62.2380622030873));
#1438=CARTESIAN_POINT('Ctrl Pts',(187.932161956624,-258.701320139194,62.1918173419802));
#1439=CARTESIAN_POINT('Ctrl Pts',(187.932124160216,-258.678329973753,62.1439581332077));
#1440=CARTESIAN_POINT('Ctrl Pts',(187.932121711727,-258.676840647907,62.1408577659314));
#1441=CARTESIAN_POINT('Ctrl Pts',(187.932119356707,-258.67536397067,62.1377506160027));
#1442=CARTESIAN_POINT('Ctrl Pts',(187.93211710132,-258.673900022522,62.1346367264156));
#1443=CARTESIAN_POINT('Ctrl Pts',(187.932116791803,-258.673699117894,62.1342093924085));
#1444=CARTESIAN_POINT('Ctrl Pts',(187.932116484098,-258.673498462776,62.1337819522467));
#1445=CARTESIAN_POINT('Ctrl Pts',(187.932116178225,-258.673298057308,62.1333544060789));
#1446=CARTESIAN_POINT('Ctrl Pts',(187.932082146916,-258.651001064747,62.0857858750103));
#1447=CARTESIAN_POINT('Ctrl Pts',(187.932070360006,-258.631790729828,62.0369079542532));
#1448=CARTESIAN_POINT('Ctrl Pts',(187.93207169459,-258.615581910694,61.9870541054159));
#1449=CARTESIAN_POINT('Ctrl Pts',(187.932073063919,-258.598951100625,61.9359023290692));
#1450=CARTESIAN_POINT('Ctrl Pts',(187.932088488252,-258.585479943698,61.8837222266687));
#1451=CARTESIAN_POINT('Ctrl Pts',(187.932111287447,-258.575124435724,61.8308464628834));
#1452=CARTESIAN_POINT('Ctrl Pts',(187.932134460034,-258.564599331554,61.777104732083));
#1453=CARTESIAN_POINT('Ctrl Pts',(187.932165528843,-258.557292614534,61.722643287197));
#1454=CARTESIAN_POINT('Ctrl Pts',(187.932196733367,-258.553209439409,61.6677987284449));
#1455=CARTESIAN_POINT('Ctrl Pts',(187.932202513681,-258.552453073669,61.6576393441428));
#1456=CARTESIAN_POINT('Ctrl Pts',(187.932208289797,-258.55180746304,61.647466805785));
#1457=CARTESIAN_POINT('Ctrl Pts',(187.932213997529,-258.551272836304,61.6372832530823));
#1458=CARTESIAN_POINT('Ctrl Pts',(187.932244939946,-258.548374550026,61.5820767901736));
#1459=CARTESIAN_POINT('Ctrl Pts',(187.932273463376,-258.5487484878,61.5268278014055));
#1460=CARTESIAN_POINT('Ctrl Pts',(187.93229956585,-258.552362449611,61.4718821189981));
#1461=CARTESIAN_POINT('Ctrl Pts',(187.932325591065,-258.555965714711,61.4170990664583));
#1462=CARTESIAN_POINT('Ctrl Pts',(187.932349469818,-258.562789878394,61.3626163982804));
#1463=CARTESIAN_POINT('Ctrl Pts',(187.932367291977,-258.572854263519,61.308775315225));
#1464=CARTESIAN_POINT('Ctrl Pts',(187.932384605582,-258.58263146215,61.2564705835381));
#1465=CARTESIAN_POINT('Ctrl Pts',(187.932396408591,-258.595466799438,61.2047703932056));
#1466=CARTESIAN_POINT('Ctrl Pts',(187.932392055867,-258.611424441995,61.1540012500538));
#1467=CARTESIAN_POINT('Ctrl Pts',(187.9323911175,-258.6148646151,61.1430563601563));
#1468=CARTESIAN_POINT('Ctrl Pts',(187.932389395104,-258.618450068749,61.1321548225676));
#1469=CARTESIAN_POINT('Ctrl Pts',(187.932386723242,-258.622181727292,61.1213000601278));
#1470=CARTESIAN_POINT('Ctrl Pts',(187.932376286003,-258.63675890843,61.0788975100352));
#1471=CARTESIAN_POINT('Ctrl Pts',(187.932352615775,-258.653504092227,61.0373864198633));
#1472=CARTESIAN_POINT('Ctrl Pts',(187.932311276269,-258.672432566712,60.996955268639));
#1473=CARTESIAN_POINT('Ctrl Pts',(187.93226154324,-258.695204255607,60.9483150257008));
#1474=CARTESIAN_POINT('Ctrl Pts',(187.932186492027,-258.721134925415,60.901236522479));
#1475=CARTESIAN_POINT('Ctrl Pts',(187.932109600541,-258.749955465427,60.855908096536));
#1476=CARTESIAN_POINT('Ctrl Pts',(187.932032013434,-258.77903673863,60.8101695941297));
#1477=CARTESIAN_POINT('Ctrl Pts',(187.931952724773,-258.811061231352,60.7662122340406));
#1478=CARTESIAN_POINT('Ctrl Pts',(187.931886198528,-258.845791083267,60.7242633945255));
#1479=CARTESIAN_POINT('Ctrl Pts',(187.931861709608,-258.858575460057,60.7088216422369));
#1480=CARTESIAN_POINT('Ctrl Pts',(187.931838843317,-258.871726736646,60.6936524383383));
#1481=CARTESIAN_POINT('Ctrl Pts',(187.931817922871,-258.885234002972,60.6787685817988));
#1482=CARTESIAN_POINT('Ctrl Pts',(187.931761520175,-258.921650351166,60.6386408691194));
#1483=CARTESIAN_POINT('Ctrl Pts',(187.931723432107,-258.960437278994,60.6008215197816));
#1484=CARTESIAN_POINT('Ctrl Pts',(187.931709786818,-259.001322585735,60.56550582774));
#1485=CARTESIAN_POINT('Ctrl Pts',(187.931696203424,-259.042022438013,60.5303503265648));
#1486=CARTESIAN_POINT('Ctrl Pts',(187.93170698592,-259.084802610697,60.4976751627947));
#1487=CARTESIAN_POINT('Ctrl Pts',(187.931738923688,-259.129425219775,60.4677129831768));
#1488=CARTESIAN_POINT('Ctrl Pts',(187.931769906064,-259.17271298105,60.4386470969509));
#1489=CARTESIAN_POINT('Ctrl Pts',(187.931820880892,-259.217735488662,60.4121338905717));
#1490=CARTESIAN_POINT('Ctrl Pts',(187.931878587239,-259.26429097697,60.3884310469246));
#1491=CARTESIAN_POINT('Ctrl Pts',(187.931887797988,-259.271721890958,60.3846477380427));
#1492=CARTESIAN_POINT('Ctrl Pts',(187.931897156753,-259.27919187716,60.3809361318524));
#1493=CARTESIAN_POINT('Ctrl Pts',(187.931906582104,-259.286700129992,60.3772973984418));
#1494=CARTESIAN_POINT('Ctrl Pts',(187.931966661855,-259.334559773411,60.3541031230981));
#1495=CARTESIAN_POINT('Ctrl Pts',(187.93203264172,-259.383644712148,60.3340257302091));
#1496=CARTESIAN_POINT('Ctrl Pts',(187.932073748512,-259.433707043466,60.317265880507));
#1497=CARTESIAN_POINT('Ctrl Pts',(187.932101762465,-259.467824126013,60.3058441755902));
#1498=CARTESIAN_POINT('Ctrl Pts',(187.932118077273,-259.502395745962,60.2959640688091));
#1499=CARTESIAN_POINT('Ctrl Pts',(187.932110561859,-259.537348050126,60.2877020204605));
#1500=CARTESIAN_POINT('Ctrl Pts',(187.932099443708,-259.5890557832,60.2754793129491));
#1501=CARTESIAN_POINT('Ctrl Pts',(187.932036501237,-259.641597124533,60.2667956072621));
#1502=CARTESIAN_POINT('Ctrl Pts',(187.931963334051,-259.694670256375,60.2615979398052));
#1503=CARTESIAN_POINT('Ctrl Pts',(187.93193593151,-259.714547181485,60.259651311762));
#1504=CARTESIAN_POINT('Ctrl Pts',(187.931907008037,-259.734498674932,60.2581941717828));
#1505=CARTESIAN_POINT('Ctrl Pts',(187.93187844424,-259.75450861473,60.2572255705619));
#1506=CARTESIAN_POINT('Ctrl Pts',(187.931803269167,-259.807171384246,60.2546763763432));
#1507=CARTESIAN_POINT('Ctrl Pts',(187.931732069417,-259.859850581158,60.2555260799707));
#1508=CARTESIAN_POINT('Ctrl Pts',(187.931682178209,-259.912248376574,60.2596400606255));
#1509=CARTESIAN_POINT('Ctrl Pts',(187.931631299784,-259.965682988832,60.2638354463164));
#1510=CARTESIAN_POINT('Ctrl Pts',(187.931602577655,-260.018826051402,60.2714256676949));
#1511=CARTESIAN_POINT('Ctrl Pts',(187.931604796281,-260.071365756441,60.2823213129121));
#1512=CARTESIAN_POINT('Ctrl Pts',(187.931607014906,-260.12390546148,60.2932169581293));
#1513=CARTESIAN_POINT('Ctrl Pts',(187.931640133112,-260.175842951557,60.3074182658742));
#1514=CARTESIAN_POINT('Ctrl Pts',(187.931703819234,-260.22685348904,60.3248858623782));
#1515=CARTESIAN_POINT('Ctrl Pts',(187.93176737381,-260.277758662312,60.3423173788956));
#1516=CARTESIAN_POINT('Ctrl Pts',(187.931858421898,-260.327377058225,60.3628767736633));
#1517=CARTESIAN_POINT('Ctrl Pts',(187.931959325527,-260.375417719936,60.3864357799004));
#1518=CARTESIAN_POINT('Ctrl Pts',(187.932059690054,-260.423201713037,60.4098689165688));
#1519=CARTESIAN_POINT('Ctrl Pts',(187.932169753616,-260.469425851733,60.4362700152716));
#1520=CARTESIAN_POINT('Ctrl Pts',(187.932261707476,-260.513793479923,60.4655613278531));
#1521=CARTESIAN_POINT('Ctrl Pts',(187.932333150755,-260.548264777678,60.4883191266995));
#1522=CARTESIAN_POINT('Ctrl Pts',(187.932393448338,-260.581615346036,60.5128225872566));
#1523=CARTESIAN_POINT('Ctrl Pts',(187.932425459132,-260.613695546889,60.5390538996781));
#1524=CARTESIAN_POINT('Ctrl Pts',(187.93243604051,-260.624299868002,60.5477248323013));
#1525=CARTESIAN_POINT('Ctrl Pts',(187.932443502969,-260.634765280826,60.5565846922651));
#1526=CARTESIAN_POINT('Ctrl Pts',(187.932448389572,-260.645088963203,60.5656283598038));
#1527=CARTESIAN_POINT('Ctrl Pts',(187.93246689814,-260.684191085972,60.5998822805907));
#1528=CARTESIAN_POINT('Ctrl Pts',(187.932446376308,-260.721029856261,60.636565398822));
#1529=CARTESIAN_POINT('Ctrl Pts',(187.932414242599,-260.75550847383,60.6753360406582));
#1530=CARTESIAN_POINT('Ctrl Pts',(187.932381294098,-260.790861341248,60.7150897621582));
#1531=CARTESIAN_POINT('Ctrl Pts',(187.932335990515,-260.823733501463,60.7570389694295));
#1532=CARTESIAN_POINT('Ctrl Pts',(187.932294506769,-260.853991474628,60.800860273164));
#1533=CARTESIAN_POINT('Ctrl Pts',(187.932252462121,-260.88465856747,60.8452740870939));
#1534=CARTESIAN_POINT('Ctrl Pts',(187.932214153002,-260.912640982519,60.8916118755319));
#1535=CARTESIAN_POINT('Ctrl Pts',(187.932185447266,-260.937760099397,60.9395696691065));
#1536=CARTESIAN_POINT('Ctrl Pts',(187.932181087592,-260.941575057015,60.9468532432391));
#1537=CARTESIAN_POINT('Ctrl Pts',(187.932176932243,-260.945323885037,60.9541742296768));
#1538=CARTESIAN_POINT('Ctrl Pts',(187.932172984321,-260.949005863455,60.9615316076759));
#1539=CARTESIAN_POINT('Ctrl Pts',(187.932166853952,-260.954723272149,60.9729562093903));
#1540=CARTESIAN_POINT('Ctrl Pts',(187.932161130195,-260.960272411771,60.9844543685903));
#1541=CARTESIAN_POINT('Ctrl Pts',(187.932155966793,-260.965651673963,60.9960217188563));
#1542=CARTESIAN_POINT('Ctrl Pts',(187.932134027737,-260.988507909139,61.0451708528015));
#1543=CARTESIAN_POINT('Ctrl Pts',(187.932123032822,-261.008300714502,61.095566851063));
#1544=CARTESIAN_POINT('Ctrl Pts',(187.932124713273,-261.025006778583,61.1469119242929));
#1545=CARTESIAN_POINT('Ctrl Pts',(187.932126405817,-261.041833057564,61.1986264707153));
#1546=CARTESIAN_POINT('Ctrl Pts',(187.932140744835,-261.055528324952,61.2513047211476));
#1547=CARTESIAN_POINT('Ctrl Pts',(187.932160601541,-261.066021723005,61.3046640104776));
#1548=CARTESIAN_POINT('Ctrl Pts',(187.932179273597,-261.075889085037,61.354839885152));
#1549=CARTESIAN_POINT('Ctrl Pts',(187.932202600096,-261.082925025635,61.4056187900128));
#1550=CARTESIAN_POINT('Ctrl Pts',(187.932220072941,-261.087029289323,61.4567719223942));
#1551=CARTESIAN_POINT('Ctrl Pts',(187.932232237908,-261.089886765243,61.492385824209));
#1552=CARTESIAN_POINT('Ctrl Pts',(187.932242880028,-261.091312899382,61.5280645241215));
#1553=CARTESIAN_POINT('Ctrl Pts',(187.932249528365,-261.09129010643,61.5637304816908));
#1554=CARTESIAN_POINT('Origin',(252.,-232.16949152586,37.2881355935));
#1555=CARTESIAN_POINT('',(252.,-232.16949152586,37.2881355935));
#1556=CARTESIAN_POINT('',(266.23728813528,-232.16949152586,37.2881355935));
#1557=CARTESIAN_POINT('',(266.23728813528,-232.16949152586,37.2881355935));
#1558=CARTESIAN_POINT('',(266.23728813528,-232.16949152586,50.));
#1559=CARTESIAN_POINT('',(266.23728813528,-232.16949152586,37.2881355935));
#1560=CARTESIAN_POINT('',(252.,-232.16949152586,50.));
#1561=CARTESIAN_POINT('',(266.23728813528,-232.16949152586,50.));
#1562=CARTESIAN_POINT('',(252.,-232.16949152586,37.2881355935));
#1563=CARTESIAN_POINT('Origin',(252.,-252.,37.2881355935));
#1564=CARTESIAN_POINT('',(252.,-252.,37.2881355935));
#1565=CARTESIAN_POINT('',(252.,-232.16949152586,37.2881355935));
#1566=CARTESIAN_POINT('',(252.,-252.,50.));
#1567=CARTESIAN_POINT('',(252.,-232.16949152586,50.));
#1568=CARTESIAN_POINT('',(252.,-252.,37.2881355935));
#1569=CARTESIAN_POINT('Origin',(232.16949152586,-252.,37.2881355935));
#1570=CARTESIAN_POINT('',(232.16949152586,-252.,37.2881355935));
#1571=CARTESIAN_POINT('',(252.,-252.,37.2881355935));
#1572=CARTESIAN_POINT('',(232.16949152586,-252.,50.));
#1573=CARTESIAN_POINT('',(252.,-252.,50.));
#1574=CARTESIAN_POINT('',(232.16949152586,-252.,37.2881355935));
#1575=CARTESIAN_POINT('Origin',(232.16949152586,-266.23728813528,37.2881355935));
#1576=CARTESIAN_POINT('',(232.16949152586,-266.23728813528,37.2881355935));
#1577=CARTESIAN_POINT('',(232.16949152586,-252.,37.2881355935));
#1578=CARTESIAN_POINT('',(232.16949152586,-266.23728813528,50.));
#1579=CARTESIAN_POINT('',(232.16949152586,-252.,50.));
#1580=CARTESIAN_POINT('',(232.16949152586,-266.23728813528,37.2881355935));
#1581=CARTESIAN_POINT('Origin',(252.,-266.23728813528,37.2881355935));
#1582=CARTESIAN_POINT('',(252.,-266.23728813528,37.2881355935));
#1583=CARTESIAN_POINT('',(232.16949152586,-266.23728813528,37.2881355935));
#1584=CARTESIAN_POINT('',(252.,-266.23728813528,50.));
#1585=CARTESIAN_POINT('',(232.16949152586,-266.23728813528,50.));
#1586=CARTESIAN_POINT('',(252.,-266.23728813528,37.2881355935));
#1587=CARTESIAN_POINT('Origin',(252.,-286.06779660942,37.2881355935));
#1588=CARTESIAN_POINT('',(252.,-286.06779660942,37.2881355935));
#1589=CARTESIAN_POINT('',(252.,-286.06779660942,37.2881355935));
#1590=CARTESIAN_POINT('',(252.,-286.06779660942,50.));
#1591=CARTESIAN_POINT('',(252.,-286.06779660942,50.));
#1592=CARTESIAN_POINT('',(252.,-286.06779660942,37.2881355935));
#1593=CARTESIAN_POINT('Origin',(266.23728813528,-286.06779660942,37.2881355935));
#1594=CARTESIAN_POINT('',(266.23728813528,-286.06779660942,37.2881355935));
#1595=CARTESIAN_POINT('',(266.23728813528,-286.06779660942,37.2881355935));
#1596=CARTESIAN_POINT('',(266.23728813528,-286.06779660942,50.));
#1597=CARTESIAN_POINT('',(266.23728813528,-286.06779660942,50.));
#1598=CARTESIAN_POINT('',(266.23728813528,-286.06779660942,37.2881355935));
#1599=CARTESIAN_POINT('Origin',(266.23728813528,-266.23728813528,37.2881355935));
#1600=CARTESIAN_POINT('',(266.23728813528,-266.23728813528,37.2881355935));
#1601=CARTESIAN_POINT('',(266.23728813528,-266.23728813528,37.2881355935));
#1602=CARTESIAN_POINT('',(266.23728813528,-266.23728813528,50.));
#1603=CARTESIAN_POINT('',(266.23728813528,-266.23728813528,50.));
#1604=CARTESIAN_POINT('',(266.23728813528,-266.23728813528,37.2881355935));
#1605=CARTESIAN_POINT('Origin',(286.06779660942,-266.23728813528,37.2881355935));
#1606=CARTESIAN_POINT('',(286.06779660942,-266.23728813528,37.2881355935));
#1607=CARTESIAN_POINT('',(286.06779660942,-266.23728813528,37.2881355935));
#1608=CARTESIAN_POINT('',(286.06779660942,-266.23728813528,50.));
#1609=CARTESIAN_POINT('',(286.06779660942,-266.23728813528,50.));
#1610=CARTESIAN_POINT('',(286.06779660942,-266.23728813528,37.2881355935));
#1611=CARTESIAN_POINT('Origin',(286.06779660942,-252.,37.2881355935));
#1612=CARTESIAN_POINT('',(286.06779660942,-252.,37.2881355935));
#1613=CARTESIAN_POINT('',(286.06779660942,-252.,37.2881355935));
#1614=CARTESIAN_POINT('',(286.06779660942,-252.,50.));
#1615=CARTESIAN_POINT('',(286.06779660942,-252.,50.));
#1616=CARTESIAN_POINT('',(286.06779660942,-252.,37.2881355935));
#1617=CARTESIAN_POINT('Origin',(266.23728813528,-252.,37.2881355935));
#1618=CARTESIAN_POINT('',(266.23728813528,-252.,37.2881355935));
#1619=CARTESIAN_POINT('',(266.23728813528,-252.,37.2881355935));
#1620=CARTESIAN_POINT('',(266.23728813528,-252.,50.));
#1621=CARTESIAN_POINT('',(266.23728813528,-252.,50.));
#1622=CARTESIAN_POINT('',(266.23728813528,-252.,37.2881355935));
#1623=CARTESIAN_POINT('Origin',(266.23728813528,-232.16949152586,37.2881355935));
#1624=CARTESIAN_POINT('',(266.23728813528,-252.,37.2881355935));
#1625=CARTESIAN_POINT('',(266.23728813528,-252.,50.));
#1626=CARTESIAN_POINT('Origin',(259.11864406764,-259.11864406764,50.));
#1627=CARTESIAN_POINT('',(330.30508474404,-330.30508474404,50.));
#1628=CARTESIAN_POINT('',(187.93220339124,-330.30508474404,50.));
#1629=CARTESIAN_POINT('',(223.52542372944,-330.30508474404,50.));
#1630=CARTESIAN_POINT('',(330.30508474404,-187.93220339124,50.));
#1631=CARTESIAN_POINT('',(330.30508474404,-294.71186440584,50.));
#1632=CARTESIAN_POINT('',(187.93220339124,-187.93220339124,50.));
#1633=CARTESIAN_POINT('',(294.71186440584,-187.93220339124,50.));
#1634=CARTESIAN_POINT('',(187.93220339124,-223.52542372944,50.));
#1635=CARTESIAN_POINT('Origin',(330.30508474404,-187.93220339124,37.2881355935));
#1636=CARTESIAN_POINT('',(330.30508474404,-187.93220339124,108.4745762699));
#1637=CARTESIAN_POINT('',(330.30508474404,-187.93220339124,37.2881355935));
#1638=CARTESIAN_POINT('',(187.93220339124,-187.93220339124,108.4745762699));
#1639=CARTESIAN_POINT('',(187.93220339124,-187.93220339124,108.4745762699));
#1640=CARTESIAN_POINT('',(187.93220339124,-187.93220339124,37.2881355935));
#1641=CARTESIAN_POINT('Origin',(330.30508474404,-330.30508474404,37.2881355935));
#1642=CARTESIAN_POINT('',(330.30508474404,-330.30508474404,108.4745762699));
#1643=CARTESIAN_POINT('',(330.30508474404,-330.30508474404,37.2881355935));
#1644=CARTESIAN_POINT('',(330.30508474404,-187.93220339124,108.4745762699));
#1645=CARTESIAN_POINT('Origin',(187.93220339124,-330.30508474404,37.2881355935));
#1646=CARTESIAN_POINT('',(187.93220339124,-330.30508474404,108.4745762699));
#1647=CARTESIAN_POINT('',(187.93220339124,-330.30508474404,37.2881355935));
#1648=CARTESIAN_POINT('',(330.30508474404,-330.30508474404,108.4745762699));
#1649=CARTESIAN_POINT('Origin',(187.93220339124,-187.93220339124,37.2881355935));
#1650=CARTESIAN_POINT('',(187.93220339124,-330.30508474404,108.4745762699));
#1651=CARTESIAN_POINT('Origin',(330.30508474404,-184.11864406929,37.2881355935));
#1652=CARTESIAN_POINT('',(184.11864406929,-184.11864406929,37.2881355935));
#1653=CARTESIAN_POINT('',(334.11864406599,-184.11864406929,37.2881355935));
#1654=CARTESIAN_POINT('',(294.71186440584,-184.11864406929,37.2881355935));
#1655=CARTESIAN_POINT('',(184.11864406929,-184.11864406929,108.4745762699));
#1656=CARTESIAN_POINT('',(184.11864406929,-184.11864406929,37.2881355935));
#1657=CARTESIAN_POINT('',(334.11864406599,-184.11864406929,108.4745762699));
#1658=CARTESIAN_POINT('',(294.71186440584,-184.11864406929,108.4745762699));
#1659=CARTESIAN_POINT('',(334.11864406599,-184.11864406929,37.2881355935));
#1660=CARTESIAN_POINT('Origin',(334.11864406599,-330.30508474404,37.2881355935));
#1661=CARTESIAN_POINT('',(334.11864406599,-334.11864406599,37.2881355935));
#1662=CARTESIAN_POINT('',(334.11864406599,-294.71186440584,37.2881355935));
#1663=CARTESIAN_POINT('',(334.11864406599,-334.11864406599,108.4745762699));
#1664=CARTESIAN_POINT('',(334.11864406599,-294.71186440584,108.4745762699));
#1665=CARTESIAN_POINT('',(334.11864406599,-334.11864406599,37.2881355935));
#1666=CARTESIAN_POINT('Origin',(187.93220339124,-334.11864406599,37.2881355935));
#1667=CARTESIAN_POINT('',(184.11864406929,-334.11864406599,37.2881355935));
#1668=CARTESIAN_POINT('',(223.52542372944,-334.11864406599,37.2881355935));
#1669=CARTESIAN_POINT('',(184.11864406929,-334.11864406599,108.4745762699));
#1670=CARTESIAN_POINT('',(223.52542372944,-334.11864406599,108.4745762699));
#1671=CARTESIAN_POINT('',(184.11864406929,-334.11864406599,37.2881355935));
#1672=CARTESIAN_POINT('Origin',(184.11864406929,-187.93220339124,37.2881355935));
#1673=CARTESIAN_POINT('',(184.11864406929,-223.52542372944,37.2881355935));
#1674=CARTESIAN_POINT('',(184.11864406929,-223.52542372944,108.4745762699));
#1675=CARTESIAN_POINT('Origin',(259.11864406764,-259.11864406764,37.2881355935));
#1676=CARTESIAN_POINT('Origin',(259.11864406764,-259.11864406764,108.4745762699));
#1677=UNCERTAINTY_MEASURE_WITH_UNIT(LENGTH_MEASURE(0.01),#1681,
'DISTANCE_ACCURACY_VALUE',
'Maximum model space distance between geometric entities at asserted c
onnectivities');
#1678=UNCERTAINTY_MEASURE_WITH_UNIT(LENGTH_MEASURE(0.01),#1681,
'DISTANCE_ACCURACY_VALUE',
'Maximum model space distance between geometric entities at asserted c
onnectivities');
#1679=(
GEOMETRIC_REPRESENTATION_CONTEXT(3)
GLOBAL_UNCERTAINTY_ASSIGNED_CONTEXT((#1677))
GLOBAL_UNIT_ASSIGNED_CONTEXT((#1681,#1683,#1684))
REPRESENTATION_CONTEXT('','3D')
);
#1680=(
GEOMETRIC_REPRESENTATION_CONTEXT(3)
GLOBAL_UNCERTAINTY_ASSIGNED_CONTEXT((#1678))
GLOBAL_UNIT_ASSIGNED_CONTEXT((#1681,#1683,#1684))
REPRESENTATION_CONTEXT('','3D')
);
#1681=(
LENGTH_UNIT()
NAMED_UNIT(*)
SI_UNIT(.MILLI.,.METRE.)
);
#1682=(
LENGTH_UNIT()
NAMED_UNIT(*)
SI_UNIT($,.METRE.)
);
#1683=(
NAMED_UNIT(*)
PLANE_ANGLE_UNIT()
SI_UNIT($,.RADIAN.)
);
#1684=(
NAMED_UNIT(*)
SI_UNIT($,.STERADIAN.)
SOLID_ANGLE_UNIT()
);
#1685=SHAPE_DEFINITION_REPRESENTATION(#1686,#1687);
#1686=PRODUCT_DEFINITION_SHAPE('',$,#1689);
#1687=SHAPE_REPRESENTATION('',(#631),#1679);
#1688=PRODUCT_DEFINITION_CONTEXT('part definition',#1693,'design');
#1689=PRODUCT_DEFINITION('2026-06-04-19-50-26-634','body',#1690,#1688);
#1690=PRODUCT_DEFINITION_FORMATION('',$,#1695);
#1691=PRODUCT_RELATED_PRODUCT_CATEGORY('body','body',(#1695));
#1692=APPLICATION_PROTOCOL_DEFINITION('international standard',
'automotive_design',2009,#1693);
#1693=APPLICATION_CONTEXT(
'Core Data for Automotive Mechanical Design Process');
#1694=PRODUCT_CONTEXT('part definition',#1693,'mechanical');
#1695=PRODUCT('2026-06-04-19-50-26-634','body',$,(#1694));
#1696=PRESENTATION_STYLE_ASSIGNMENT((#1698));
#1697=PRESENTATION_STYLE_ASSIGNMENT((#1699));
#1698=SURFACE_STYLE_USAGE(.BOTH.,#1700);
#1699=SURFACE_STYLE_USAGE(.BOTH.,#1701);
#1700=SURFACE_SIDE_STYLE('',(#1702));
#1701=SURFACE_SIDE_STYLE('',(#1703));
#1702=SURFACE_STYLE_FILL_AREA(#1704);
#1703=SURFACE_STYLE_FILL_AREA(#1705);
#1704=FILL_AREA_STYLE('Steel - Satin',(#1706));
#1705=FILL_AREA_STYLE('Powder Coat (Dark Grey)',(#1707));
#1706=FILL_AREA_STYLE_COLOUR('Steel - Satin',#1708);
#1707=FILL_AREA_STYLE_COLOUR('Powder Coat (Dark Grey)',#1709);
#1708=COLOUR_RGB('Steel - Satin',0.627450980392157,0.627450980392157,0.627450980392157);
#1709=COLOUR_RGB('Powder Coat (Dark Grey)',0.349019607843137,0.349019607843137,
0.349019607843137);
ENDSEC;
END-ISO-10303-21;
